year,game_idx,team_a,team_b,round_number,is_mismatch,model_spread,model_total,market_spread,market_total,spread_edge,total_edge,actual_margin,actual_total,ats_result,ou_result
2009,0,Pittsburgh,East Tennessee State,1,True,7.764705882352941,193.11987,,,,,10.0,134.0,NO_LINE,NO_LINE
2009,1,Oklahoma State,Tennessee,1,False,9.857142857142858,157.01398,,,,,2.0,152.0,NO_LINE,NO_LINE
2009,2,Florida State,Wisconsin,1,True,7.764705882352941,150.95174,,,,,-2.0,120.0,NO_LINE,NO_LINE
2009,3,UCLA,VCU,1,True,7.764705882352941,144.25237,,,,,1.0,129.0,NO_LINE,NO_LINE
2009,4,Villanova,American,1,True,7.764705882352941,137.81613,,,,,13.0,147.0,NO_LINE,NO_LINE
2009,5,Texas,Minnesota,1,False,9.857142857142858,147.80463,,,,,14.0,138.0,NO_LINE,NO_LINE
2009,6,Duke,Binghamton,1,True,7.764705882352941,159.77124,,,,,24.0,148.0,NO_LINE,NO_LINE
2009,7,Pittsburgh,Oklahoma State,2,True,7.764705882352941,170.84457,,,,,8.0,160.0,NO_LINE,NO_LINE
2009,8,Xavier,Wisconsin,2,True,-1.3333333333333333,130.57956,,,,,11.0,109.0,NO_LINE,NO_LINE
2009,9,Villanova,UCLA,2,False,9.857142857142858,152.43318,,,,,20.0,158.0,NO_LINE,NO_LINE
2009,10,Duke,Texas,2,True,7.764705882352941,166.5941,,,,,5.0,143.0,NO_LINE,NO_LINE
2009,11,Pittsburgh,Xavier,3,False,9.857142857142858,124.799446,,,,,5.0,115.0,NO_LINE,NO_LINE
2009,12,Duke,Villanova,3,False,-1.269437703698666,163.31892,,,,,-23.0,131.0,NO_LINE,NO_LINE
2009,13,Pittsburgh,Villanova,4,False,9.857142857142858,143.1752,,,,,-2.0,154.0,NO_LINE,NO_LINE
2009,14,Louisville,Morehead State,1,True,7.764705882352941,130.26117,,,,,20.0,128.0,NO_LINE,NO_LINE
2009,15,Ohio State,Siena,1,False,9.857142857142858,133.82253,,,,,-2.0,146.0,NO_LINE,NO_LINE
2009,16,Utah,Arizona,1,True,7.764705882352941,135.82266,,,,,-13.0,155.0,NO_LINE,NO_LINE
2009,17,Wake Forest,Cleveland State,1,True,-1.3333333333333333,148.6042,,,,,-15.0,153.0,NO_LINE,NO_LINE
2009,18,West Virginia,Dayton,1,True,-1.3333333333333333,155.38818,,,,,-8.0,128.0,NO_LINE,NO_LINE
2009,19,Kansas,North Dakota State,1,True,7.764705882352941,134.00507,,,,,10.0,158.0,NO_LINE,NO_LINE
2009,20,Boston College,USC,1,False,-0.6666666666666666,142.17995,,,,,-17.0,127.0,NO_LINE,NO_LINE
2009,21,Michigan State,Robert Morris,1,True,7.764705882352941,132.76128,,,,,15.0,139.0,NO_LINE,NO_LINE
2009,22,Louisville,Siena,2,True,-1.3333333333333333,134.09181,,,,,7.0,151.0,NO_LINE,NO_LINE
2009,23,Arizona,Cleveland State,2,False,9.857142857142858,147.379,,,,,14.0,128.0,NO_LINE,NO_LINE
2009,24,Kansas,Dayton,2,True,7.764705882352941,143.21342,,,,,17.0,103.0,NO_LINE,NO_LINE
2009,25,Michigan State,USC,2,True,-1.3333333333333333,143.5422,,,,,5.0,143.0,NO_LINE,NO_LINE
2009,26,Louisville,Arizona,3,True,-1.3333333333333333,134.99371,,,,,39.0,167.0,NO_LINE,NO_LINE
2009,27,Michigan State,Kansas,3,False,-0.6666666666666666,131.81323,,,,,5.0,129.0,NO_LINE,NO_LINE
2009,28,Louisville,Michigan State,4,False,9.857142857142858,137.77177,,,,,-12.0,116.0,NO_LINE,NO_LINE
2009,29,North Carolina,Radford,1,True,7.764705882352941,132.44078,,,,,43.0,159.0,NO_LINE,NO_LINE
2009,30,LSU,Butler,1,False,9.857142857142858,142.38692,,,,,4.0,146.0,NO_LINE,NO_LINE
2009,31,Illinois,Western Kentucky,1,True,-0.700788480139318,153.41692,,,,,-4.0,148.0,NO_LINE,NO_LINE
2009,32,Gonzaga,Akron,1,True,7.764705882352941,141.8539,,,,,13.0,141.0,NO_LINE,NO_LINE
2009,33,Arizona State,Temple,1,True,7.764705882352941,115.381,,,,,9.0,123.0,NO_LINE,NO_LINE
2009,34,Syracuse,Stephen F. Austin,1,True,3.2000549725608223,134.6481,,,,,15.0,103.0,NO_LINE,NO_LINE
2009,35,Clemson,Michigan,1,False,9.857142857142858,169.39915,,,,,-3.0,121.0,NO_LINE,NO_LINE
2009,36,North Carolina,LSU,2,True,7.764705882352941,143.5664,,,,,14.0,154.0,NO_LINE,NO_LINE
2009,37,Gonzaga,Western Kentucky,2,True,7.764705882352941,151.94771,,,,,2.0,164.0,NO_LINE,NO_LINE
2009,38,Syracuse,Arizona State,2,False,9.857142857142858,131.05824,,,,,11.0,145.0,NO_LINE,NO_LINE
2009,39,Oklahoma,Michigan,2,True,-1.3333333333333333,162.43272,,,,,10.0,136.0,NO_LINE,NO_LINE
2009,40,North Carolina,Gonzaga,3,False,9.857142857142858,139.62666,,,,,21.0,175.0,NO_LINE,NO_LINE
2009,41,Oklahoma,Syracuse,3,False,-0.6666666666666666,124.97671,,,,,13.0,155.0,NO_LINE,NO_LINE
2009,42,North Carolina,Oklahoma,4,False,9.857142857142858,130.07271,,,,,12.0,132.0,NO_LINE,NO_LINE
2009,43,Connecticut,Chattanooga,1,True,7.764705882352941,138.2142,,,,,56.0,150.0,NO_LINE,NO_LINE
2009,44,BYU,Texas A&M,1,False,9.857142857142858,133.91525,,,,,-13.0,145.0,NO_LINE,NO_LINE
2009,45,Purdue,Northern Iowa,1,True,7.764705882352941,134.3453,,,,,5.0,117.0,NO_LINE,NO_LINE
2009,46,Washington,Mississippi State,1,True,7.764705882352941,149.58612,,,,,13.0,129.0,NO_LINE,NO_LINE
2009,47,Marquette,Utah State,1,True,0.08471959787536876,127.251175,,,,,1.0,115.0,NO_LINE,NO_LINE
2009,48,Missouri,Cornell,1,True,7.764705882352941,137.06137,,,,,19.0,137.0,NO_LINE,NO_LINE
2009,49,California,Maryland,1,False,9.857142857142858,148.21928,,,,,-13.0,155.0,NO_LINE,NO_LINE
2009,50,Connecticut,Texas A&M,2,True,-1.3333333333333333,133.54897,,,,,26.0,158.0,NO_LINE,NO_LINE
2009,51,Washington,Purdue,2,False,-5.0,174.4705,,,,,-2.0,150.0,NO_LINE,NO_LINE
2009,52,Missouri,Marquette,2,False,9.857142857142858,149.19038,,,,,4.0,162.0,NO_LINE,NO_LINE
2009,53,Memphis,Maryland,2,True,-1.3333333333333333,135.33745,,,,,19.0,159.0,NO_LINE,NO_LINE
2009,54,Connecticut,Purdue,3,False,9.857142857142858,133.31435,,,,,12.0,132.0,NO_LINE,NO_LINE
2009,55,Memphis,Missouri,3,False,9.857142857142858,152.78548,,,,,-11.0,193.0,NO_LINE,NO_LINE
2009,56,Connecticut,Missouri,4,False,9.857142857142858,152.29614,,,,,7.0,157.0,NO_LINE,NO_LINE
2009,57,North Carolina,Villanova,5,False,9.857142857142858,149.38412,,,,,14.0,152.0,NO_LINE,NO_LINE
2009,58,Connecticut,Michigan State,5,False,9.857142857142858,138.51147,,,,,-9.0,155.0,NO_LINE,NO_LINE
2009,59,North Carolina,Michigan State,6,False,9.857142857142858,141.03331,,,,,17.0,161.0,NO_LINE,NO_LINE
2010,0,Kentucky,East Tennessee State,1,True,15.0,143.39432,,,,,29.0,171.0,NO_LINE,NO_LINE
2010,1,Texas,Wake Forest,1,False,4.0,135.81924,,,,,-1.0,161.0,NO_LINE,NO_LINE
2010,2,Temple,Cornell,1,True,2.875,141.62175,,,,,-13.0,143.0,NO_LINE,NO_LINE
2010,3,Wisconsin,Wofford,1,True,9.5,148.32114,,,,,4.0,102.0,NO_LINE,NO_LINE
2010,4,Marquette,Washington,1,True,-15.0,150.6952,,,,,-2.0,158.0,NO_LINE,NO_LINE
2010,5,New Mexico,Montana,1,True,9.5,134.22133,,,,,5.0,119.0,NO_LINE,NO_LINE
2010,6,Clemson,Missouri,1,False,4.0,153.68147,,,,,-8.0,164.0,NO_LINE,NO_LINE
2010,7,Kentucky,Wake Forest,2,True,11.8,123.55444,,,,,30.0,150.0,NO_LINE,NO_LINE
2010,8,Wisconsin,Cornell,2,True,2.875,149.73312,,,,,-18.0,156.0,NO_LINE,NO_LINE
2010,9,New Mexico,Washington,2,True,2.875,154.47772,,,,,-18.0,146.0,NO_LINE,NO_LINE
2010,10,West Virginia,Missouri,2,True,9.5,140.62103,,,,,9.0,127.0,NO_LINE,NO_LINE
2010,11,Kentucky,Cornell,3,True,11.8,152.69492,,,,,17.0,107.0,NO_LINE,NO_LINE
2010,12,West Virginia,Washington,3,True,9.5,139.43147,,,,,13.0,125.0,NO_LINE,NO_LINE
2010,13,Kentucky,West Virginia,4,False,4.0,126.615486,,,,,-7.0,139.0,NO_LINE,NO_LINE
2010,14,Kansas,Lehigh,1,True,15.0,129.75314,,,,,16.0,164.0,NO_LINE,NO_LINE
2010,15,UNLV,Northern Iowa,1,False,4.0,151.34456,,,,,-3.0,135.0,NO_LINE,NO_LINE
2010,16,Michigan State,New Mexico State,1,True,9.5,121.51053,,,,,3.0,137.0,NO_LINE,NO_LINE
2010,17,Maryland,Houston,1,True,9.5,158.94847,,,,,12.0,166.0,NO_LINE,NO_LINE
2010,18,Tennessee,San Diego State,1,True,2.875,151.46753,,,,,3.0,121.0,NO_LINE,NO_LINE
2010,19,Georgetown,Ohio,1,True,15.0,112.91799,,,,,-14.0,180.0,NO_LINE,NO_LINE
2010,20,Oklahoma State,Georgia Tech,1,False,4.0,155.5333,,,,,-5.0,123.0,NO_LINE,NO_LINE
2010,21,Ohio State,UCSB,1,True,11.8,133.14987,,,,,17.0,119.0,NO_LINE,NO_LINE
2010,22,Kansas,Northern Iowa,2,True,12.167003336642878,136.40628,,,,,-2.0,136.0,NO_LINE,NO_LINE
2010,23,Maryland,Michigan State,2,False,4.0,147.7468,,,,,-2.0,168.0,NO_LINE,NO_LINE
2010,24,Tennessee,Ohio,2,True,11.8,145.39009,,,,,15.0,151.0,NO_LINE,NO_LINE
2010,25,Ohio State,Georgia Tech,2,True,9.5,143.30449,,,,,9.0,141.0,NO_LINE,NO_LINE
2010,26,Michigan State,Northern Iowa,3,False,4.0,129.16623,,,,,7.0,111.0,NO_LINE,NO_LINE
2010,27,Ohio State,Tennessee,3,False,4.0,136.1028,,,,,-3.0,149.0,NO_LINE,NO_LINE
2010,28,Michigan State,Tennessee,4,False,4.0,131.97626,,,,,1.0,139.0,NO_LINE,NO_LINE
2010,29,Duke,Arkansas-Pine Bluff,1,True,15.0,154.40317,,,,,29.0,117.0,NO_LINE,NO_LINE
2010,30,California,Louisville,1,False,4.0,141.92113,,,,,15.0,139.0,NO_LINE,NO_LINE
2010,31,Texas A&M,Utah State,1,True,9.5,155.4652,,,,,16.0,122.0,NO_LINE,NO_LINE
2010,32,Purdue,Siena,1,True,9.5,142.8649,,,,,8.0,136.0,NO_LINE,NO_LINE
2010,33,Notre Dame,Old Dominion,1,True,2.875,144.04724,,,,,-1.0,101.0,NO_LINE,NO_LINE
2010,34,Richmond,Saint Mary's,1,False,4.0,144.43814,,,,,-9.0,151.0,NO_LINE,NO_LINE
2010,35,Villanova,Robert Morris,1,True,14.366691956987793,159.00752,,,,,3.0,143.0,NO_LINE,NO_LINE
2010,36,Duke,California,2,True,11.8,148.87674,,,,,15.0,121.0,NO_LINE,NO_LINE
2010,37,Purdue,Texas A&M,2,False,4.0,154.20763,,,,,2.0,124.0,NO_LINE,NO_LINE
2010,38,Baylor,Old Dominion,2,True,9.5,142.39203,,,,,8.0,144.0,NO_LINE,NO_LINE
2010,39,Villanova,Saint Mary's,2,True,9.5,135.83093,,,,,-7.0,143.0,NO_LINE,NO_LINE
2010,40,Duke,Purdue,3,False,4.0,152.89503,,,,,13.0,127.0,NO_LINE,NO_LINE
2010,41,Baylor,Saint Mary's,3,True,11.8,133.99223,,,,,23.0,121.0,NO_LINE,NO_LINE
2010,42,Duke,Baylor,4,False,4.0,139.9164,,,,,7.0,149.0,NO_LINE,NO_LINE
2010,43,Syracuse,Vermont,1,True,12.690512999218615,118.1279,,,,,23.0,135.0,NO_LINE,NO_LINE
2010,44,Gonzaga,Florida State,1,False,0.0,144.9396,,,,,7.0,127.0,NO_LINE,NO_LINE
2010,45,Butler,UTEP,1,True,2.875,140.49423,,,,,18.0,136.0,NO_LINE,NO_LINE
2010,46,Vanderbilt,Murray State,1,True,2.875,146.84071,,,,,-1.0,131.0,NO_LINE,NO_LINE
2010,47,Xavier,Minnesota,1,True,9.5,153.86267,,,,,11.0,119.0,NO_LINE,NO_LINE
2010,48,Pittsburgh,Oakland,1,True,9.5,127.995384,,,,,23.0,155.0,NO_LINE,NO_LINE
2010,49,BYU,Florida,1,False,4.0,143.31834,,,,,7.0,191.0,NO_LINE,NO_LINE
2010,50,Kansas State,North Texas,1,True,15.0,136.4121,,,,,20.0,144.0,NO_LINE,NO_LINE
2010,51,Syracuse,Gonzaga,2,True,9.5,131.6819,,,,,22.0,152.0,NO_LINE,NO_LINE
2010,52,Butler,Murray State,2,True,2.875,133.90509,,,,,2.0,106.0,NO_LINE,NO_LINE
2010,53,Pittsburgh,Xavier,2,False,4.0,128.04663,,,,,-3.0,139.0,NO_LINE,NO_LINE
2010,54,Kansas State,BYU,2,True,9.5,155.47314,,,,,12.0,156.0,NO_LINE,NO_LINE
2010,55,Syracuse,Butler,3,False,4.0,119.14399,,,,,-4.0,122.0,NO_LINE,NO_LINE
2010,56,Kansas State,Xavier,3,False,4.0,137.92934,,,,,5.0,197.0,NO_LINE,NO_LINE
2010,57,Kansas State,Butler,4,False,4.0,134.09642,,,,,-7.0,119.0,NO_LINE,NO_LINE
2010,58,Duke,West Virginia,5,False,4.0,146.7498,,,,,21.0,135.0,NO_LINE,NO_LINE
2010,59,Michigan State,Butler,5,False,0.0,122.25512,,,,,-2.0,102.0,NO_LINE,NO_LINE
2010,60,Duke,Butler,6,False,4.0,150.24393,,,,,2.0,120.0,NO_LINE,NO_LINE
2011,0,Ohio State,UTSA,1,True,18.23076923076923,128.92216,,,,,29.0,121.0,NO_LINE,NO_LINE
2011,1,George Mason,Villanova,1,False,-4.125,130.00812,,,,,4.0,118.0,NO_LINE,NO_LINE
2011,2,West Virginia,Clemson,1,True,12.37037037037037,129.88275,,,,,8.0,160.0,NO_LINE,NO_LINE
2011,3,Kentucky,Princeton,1,True,14.8,145.28325,,,,,2.0,116.0,NO_LINE,NO_LINE
2011,4,Xavier,Marquette,1,True,3.923076923076923,136.79579,,,,,-11.0,121.0,NO_LINE,NO_LINE
2011,5,Washington,Georgia,1,False,3.2857142857142856,134.83249,,,,,3.0,133.0,NO_LINE,NO_LINE
2011,6,North Carolina,LIU,1,True,14.8,147.79872,,,,,15.0,189.0,NO_LINE,NO_LINE
2011,7,Ohio State,George Mason,2,True,14.8,133.22768,,,,,32.0,164.0,NO_LINE,NO_LINE
2011,8,Kentucky,West Virginia,2,False,1.9,150.80217,,,,,8.0,134.0,NO_LINE,NO_LINE
2011,9,Syracuse,Marquette,2,True,12.37037037037037,128.911,,,,,-4.0,128.0,NO_LINE,NO_LINE
2011,10,North Carolina,Washington,2,True,3.923076923076923,146.63312,,,,,3.0,169.0,NO_LINE,NO_LINE
2011,11,Ohio State,Kentucky,3,False,5.555555555555555,156.94687,,,,,-2.0,122.0,NO_LINE,NO_LINE
2011,12,North Carolina,Marquette,3,True,12.37037037037037,144.81032,,,,,18.0,144.0,NO_LINE,NO_LINE
2011,13,North Carolina,Kentucky,4,False,3.2857142857142856,144.66898,,,,,-7.0,145.0,NO_LINE,NO_LINE
2011,14,Duke,Hampton,1,True,18.23076923076923,155.3624,,,,,42.0,132.0,NO_LINE,NO_LINE
2011,15,Michigan,Tennessee,1,False,3.2857142857142856,148.31387,,,,,30.0,120.0,NO_LINE,NO_LINE
2011,16,Arizona,Memphis,1,True,12.37037037037037,118.756966,,,,,2.0,152.0,NO_LINE,NO_LINE
2011,17,Texas,Oakland,1,True,14.8,127.13138,,,,,4.0,166.0,NO_LINE,NO_LINE
2011,18,Cincinnati,Missouri,1,True,-3.1333333333333333,129.46277,,,,,15.0,141.0,NO_LINE,NO_LINE
2011,19,Connecticut,Bucknell,1,True,14.8,135.11894,,,,,29.0,133.0,NO_LINE,NO_LINE
2011,20,Temple,Penn State,1,False,1.9,130.89735,,,,,2.0,130.0,NO_LINE,NO_LINE
2011,21,San Diego State,Northern Colorado,1,True,14.8,155.40672,,,,,18.0,118.0,NO_LINE,NO_LINE
2011,22,Duke,Michigan,2,True,14.8,138.32367,,,,,2.0,144.0,NO_LINE,NO_LINE
2011,23,Texas,Arizona,2,False,5.555555555555555,140.33401,,,,,-1.0,139.0,NO_LINE,NO_LINE
2011,24,Connecticut,Cincinnati,2,False,3.2857142857142856,140.49272,,,,,11.0,127.0,NO_LINE,NO_LINE
2011,25,San Diego State,Temple,2,True,12.37037037037037,133.28575,,,,,7.0,135.0,NO_LINE,NO_LINE
2011,26,Duke,Arizona,3,False,3.2857142857142856,164.21187,,,,,-16.0,170.0,NO_LINE,NO_LINE
2011,27,San Diego State,Connecticut,3,False,1.9,140.6105,,,,,-7.0,141.0,NO_LINE,NO_LINE
2011,28,Connecticut,Arizona,4,False,3.2857142857142856,145.14784,,,,,2.0,128.0,NO_LINE,NO_LINE
2011,29,Connecticut,Kentucky,5,False,-4.125,145.56767,,,,,1.0,111.0,NO_LINE,NO_LINE
2011,30,Butler,VCU,5,False,5.555555555555555,142.76462,,,,,8.0,132.0,NO_LINE,NO_LINE
2011,31,Connecticut,Butler,6,True,12.37037037037037,137.60208,,,,,12.0,94.0,NO_LINE,NO_LINE
2012,0,Syracuse,UNC Asheville,1,True,14.035714285714286,129.68369,,,,,7.0,137.0,NO_LINE,NO_LINE
2012,1,Kansas State,Southern Miss,1,False,2.660377358490566,140.35129,,,,,6.0,134.0,NO_LINE,NO_LINE
2012,2,Vanderbilt,Harvard,1,True,10.074074074074074,141.28874,,,,,9.0,149.0,NO_LINE,NO_LINE
2012,3,Wisconsin,Montana,1,True,10.074074074074074,127.301926,,,,,24.0,122.0,NO_LINE,NO_LINE
2012,4,Cincinnati,Texas,1,True,-0.5,147.48967,,,,,6.0,124.0,NO_LINE,NO_LINE
2012,5,Florida State,St. Bonaventure,1,True,10.074074074074074,147.28775,,,,,3.0,129.0,NO_LINE,NO_LINE
2012,6,Gonzaga,West Virginia,1,False,2.660377358490566,129.90671,,,,,23.0,131.0,NO_LINE,NO_LINE
2012,7,Ohio State,Loyola (MD),1,True,14.035714285714286,149.40257,,,,,19.0,137.0,NO_LINE,NO_LINE
2012,8,Syracuse,Kansas State,2,True,10.074074074074074,133.1442,,,,,16.0,134.0,NO_LINE,NO_LINE
2012,9,Wisconsin,Vanderbilt,2,False,2.660377358490566,145.778,,,,,3.0,117.0,NO_LINE,NO_LINE
2012,10,Florida State,Cincinnati,2,False,2.660377358490566,154.73566,,,,,-6.0,118.0,NO_LINE,NO_LINE
2012,11,Ohio State,Gonzaga,2,True,10.074074074074074,137.03104,,,,,7.0,139.0,NO_LINE,NO_LINE
2012,12,Syracuse,Wisconsin,3,False,0.75,136.01569,,,,,1.0,127.0,NO_LINE,NO_LINE
2012,13,Ohio State,Cincinnati,3,False,2.660377358490566,169.77962,,,,,15.0,147.0,NO_LINE,NO_LINE
2012,14,Syracuse,Ohio State,4,False,2.660377358490566,142.697,,,,,-7.0,147.0,NO_LINE,NO_LINE
2012,15,North Carolina,Vermont,1,True,14.035714285714286,150.09523,,,,,19.0,135.0,NO_LINE,NO_LINE
2012,16,Creighton,Alabama,1,False,0.75,129.72652,,,,,1.0,115.0,NO_LINE,NO_LINE
2012,17,Temple,South Florida,1,True,7.384933845810805,134.35046,,,,,-14.0,102.0,NO_LINE,NO_LINE
2012,18,Michigan,Ohio,1,True,-0.5,155.24562,,,,,-5.0,125.0,NO_LINE,NO_LINE
2012,19,San Diego State,North Carolina State,1,True,-2.100203936318375,133.77135,,,,,-14.0,144.0,NO_LINE,NO_LINE
2012,20,Georgetown,Belmont,1,True,10.074074074074074,146.951,,,,,15.0,133.0,NO_LINE,NO_LINE
2012,21,Saint Mary's,Purdue,1,False,2.660377358490566,128.6347,,,,,-3.0,141.0,NO_LINE,NO_LINE
2012,22,Kansas,Detroit Mercy,1,True,10.074074074074074,129.75313,,,,,15.0,115.0,NO_LINE,NO_LINE
2012,23,North Carolina,Creighton,2,True,10.074074074074074,134.27013,,,,,14.0,160.0,NO_LINE,NO_LINE
2012,24,South Florida,Ohio,2,False,2.660377358490566,132.78035,,,,,-6.0,118.0,NO_LINE,NO_LINE
2012,25,Georgetown,North Carolina State,2,True,14.035714285714286,139.84235,,,,,-3.0,129.0,NO_LINE,NO_LINE
2012,26,Kansas,Purdue,2,True,10.074074074074074,149.75264,,,,,3.0,123.0,NO_LINE,NO_LINE
2012,27,North Carolina,Ohio,3,True,10.074074074074074,136.98627,,,,,8.0,138.0,NO_LINE,NO_LINE
2012,28,Kansas,North Carolina State,3,True,14.035714285714286,150.75757,,,,,3.0,117.0,NO_LINE,NO_LINE
2012,29,North Carolina,Kansas,4,False,2.660377358490566,152.28218,,,,,-13.0,147.0,NO_LINE,NO_LINE
2012,30,Kentucky,Western Kentucky,1,True,23.545454545454547,163.61154,,,,,15.0,147.0,NO_LINE,NO_LINE
2012,31,Iowa State,Connecticut,1,False,2.660377358490566,129.22673,,,,,13.0,141.0,NO_LINE,NO_LINE
2012,32,Wichita State,VCU,1,True,5.5,161.03885,,,,,-3.0,121.0,NO_LINE,NO_LINE
2012,33,Indiana,New Mexico State,1,True,10.448292311992178,136.39235,,,,,13.0,145.0,NO_LINE,NO_LINE
2012,34,UNLV,Colorado,1,True,1.25,142.87572,,,,,-4.0,132.0,NO_LINE,NO_LINE
2012,35,Baylor,South Dakota State,1,True,14.035714285714286,133.73204,,,,,8.0,128.0,NO_LINE,NO_LINE
2012,36,Notre Dame,Xavier,1,False,2.660377358490566,138.18744,,,,,-4.0,130.0,NO_LINE,NO_LINE
2012,37,Duke,Lehigh,1,True,14.035714285714286,141.5406,,,,,-5.0,145.0,NO_LINE,NO_LINE
2012,38,Kentucky,Iowa State,2,True,14.035714285714286,129.30865,,,,,16.0,158.0,NO_LINE,NO_LINE
2012,39,Indiana,VCU,2,True,9.333333333333334,138.59953,,,,,2.0,124.0,NO_LINE,NO_LINE
2012,40,Baylor,Colorado,2,True,14.035714285714286,136.74586,,,,,17.0,143.0,NO_LINE,NO_LINE
2012,41,Xavier,Lehigh,2,True,0.5,142.82599,,,,,12.0,128.0,NO_LINE,NO_LINE
2012,42,Kentucky,Indiana,3,False,2.660377358490566,146.4126,,,,,12.0,192.0,NO_LINE,NO_LINE
2012,43,Baylor,Xavier,3,True,10.074074074074074,123.32878,,,,,5.0,145.0,NO_LINE,NO_LINE
2012,44,Kentucky,Baylor,4,False,6.757228588313213,155.24712,,,,,12.0,152.0,NO_LINE,NO_LINE
2012,45,Michigan State,LIU,1,True,14.20682288894126,133.71661,,,,,22.0,156.0,NO_LINE,NO_LINE
2012,46,Memphis,Saint Louis,1,False,2.660377358490566,144.2749,,,,,-7.0,115.0,NO_LINE,NO_LINE
2012,47,New Mexico,Long Beach State,1,True,5.5,134.00302,,,,,7.0,143.0,NO_LINE,NO_LINE
2012,48,Louisville,Davidson,1,True,10.074074074074074,138.05981,,,,,7.0,131.0,NO_LINE,NO_LINE
2012,49,Murray State,Colorado State,1,True,10.074074074074074,134.69612,,,,,17.0,99.0,NO_LINE,NO_LINE
2012,50,Marquette,BYU,1,True,10.074074074074074,136.56757,,,,,20.0,156.0,NO_LINE,NO_LINE
2012,51,Florida,Virginia,1,False,2.660377358490566,134.86365,,,,,26.0,116.0,NO_LINE,NO_LINE
2012,52,Missouri,Norfolk State,1,True,14.035714285714286,122.306206,,,,,-2.0,170.0,NO_LINE,NO_LINE
2012,53,Michigan State,Saint Louis,2,True,10.074074074074074,135.721,,,,,4.0,126.0,NO_LINE,NO_LINE
2012,54,Louisville,New Mexico,2,False,2.660377358490566,141.81772,,,,,3.0,115.0,NO_LINE,NO_LINE
2012,55,Marquette,Murray State,2,False,6.7,149.9732,,,,,9.0,115.0,NO_LINE,NO_LINE
2012,56,Florida,Norfolk State,2,True,10.074074074074074,133.27399,,,,,34.0,134.0,NO_LINE,NO_LINE
2012,57,Michigan State,Louisville,3,False,2.660377358490566,136.34662,,,,,-13.0,101.0,NO_LINE,NO_LINE
2012,58,Marquette,Florida,3,False,2.660377358490566,152.04207,,,,,-10.0,126.0,NO_LINE,NO_LINE
2012,59,Louisville,Florida,4,False,2.660377358490566,161.20131,,,,,4.0,140.0,NO_LINE,NO_LINE
2012,60,Ohio State,Kansas,5,False,2.660377358490566,138.06511,,,,,-2.0,126.0,NO_LINE,NO_LINE
2012,61,Kentucky,Louisville,5,False,2.660377358490566,135.13094,,,,,8.0,130.0,NO_LINE,NO_LINE
2012,62,Kentucky,Kansas,6,False,2.660377358490566,143.88867,,,,,8.0,126.0,NO_LINE,NO_LINE
2013,0,Indiana,James Madison,1,True,26.125,159.16705,,,,,21.0,145.0,NO_LINE,NO_LINE
2013,1,North Carolina State,Temple,1,False,-0.6249999999999999,136.3549,,,,,-4.0,148.0,NO_LINE,NO_LINE
2013,2,UNLV,California,1,True,4.636363636363637,135.52893,,,,,-3.0,125.0,NO_LINE,NO_LINE
2013,3,Syracuse,Montana,1,True,13.0,130.66626,,,,,47.0,115.0,NO_LINE,NO_LINE
2013,4,Butler,Bucknell,1,True,10.711864406779661,124.392914,,,,,12.0,124.0,NO_LINE,NO_LINE
2013,5,Marquette,Davidson,1,True,10.711864406779661,116.813866,,,,,1.0,117.0,NO_LINE,NO_LINE
2013,6,Illinois,Colorado,1,False,-1.0,139.00711,,,,,8.0,106.0,NO_LINE,NO_LINE
2013,7,Miami FL,Pacific,1,True,10.711864406779661,131.46404,,,,,29.0,127.0,NO_LINE,NO_LINE
2013,8,Indiana,Temple,2,True,10.711864406779661,127.997284,,,,,6.0,110.0,NO_LINE,NO_LINE
2013,9,Syracuse,California,2,True,10.711864406779661,118.1068,,,,,6.0,126.0,NO_LINE,NO_LINE
2013,10,Marquette,Butler,2,False,4.9743589743589745,120.28977,,,,,2.0,146.0,NO_LINE,NO_LINE
2013,11,Miami FL,Illinois,2,True,4.636363636363637,139.76308,,,,,4.0,122.0,NO_LINE,NO_LINE
2013,12,Indiana,Syracuse,3,False,4.9743589743589745,135.79716,,,,,-11.0,111.0,NO_LINE,NO_LINE
2013,13,Miami FL,Marquette,3,False,-0.6249999999999999,144.00294,,,,,-10.0,132.0,NO_LINE,NO_LINE
2013,14,Marquette,Syracuse,4,False,-1.0,120.864075,,,,,-16.0,94.0,NO_LINE,NO_LINE
2013,15,Louisville,North Carolina A&T,1,True,26.125,148.76079,,,,,31.0,127.0,NO_LINE,NO_LINE
2013,16,Colorado State,Missouri,1,False,-0.6249999999999999,128.07115,,,,,12.0,156.0,NO_LINE,NO_LINE
2013,17,Oklahoma State,Oregon,1,True,4.636363636363637,130.94023,,,,,-13.0,123.0,NO_LINE,NO_LINE
2013,18,Saint Louis,New Mexico State,1,True,10.711864406779661,149.10693,,,,,20.0,108.0,NO_LINE,NO_LINE
2013,19,Memphis,Saint Mary's,1,True,4.636363636363637,138.93205,,,,,2.0,106.0,NO_LINE,NO_LINE
2013,20,Michigan State,Valparaiso,1,True,10.711864406779661,128.41206,,,,,11.0,119.0,NO_LINE,NO_LINE
2013,21,Creighton,Cincinnati,1,False,-0.6249999999999999,115.79155,,,,,4.0,130.0,NO_LINE,NO_LINE
2013,22,Louisville,Colorado State,2,True,10.711864406779661,138.40115,,,,,26.0,138.0,NO_LINE,NO_LINE
2013,23,Saint Louis,Oregon,2,True,4.636363636363637,134.93141,,,,,-17.0,131.0,NO_LINE,NO_LINE
2013,24,Michigan State,Memphis,2,False,4.9743589743589745,140.776,,,,,22.0,118.0,NO_LINE,NO_LINE
2013,25,Duke,Creighton,2,True,10.711864406779661,130.5257,,,,,16.0,116.0,NO_LINE,NO_LINE
2013,26,Louisville,Oregon,3,True,10.711864406779661,130.9663,,,,,8.0,146.0,NO_LINE,NO_LINE
2013,27,Duke,Michigan State,3,False,4.9743589743589745,129.91959,,,,,10.0,132.0,NO_LINE,NO_LINE
2013,28,Louisville,Duke,4,False,4.9743589743589745,168.44554,,,,,22.0,148.0,NO_LINE,NO_LINE
2013,29,Kansas,Western Kentucky,1,True,24.25,143.16884,,,,,7.0,121.0,NO_LINE,NO_LINE
2013,30,North Carolina,Villanova,1,False,4.9743589743589745,145.20204,,,,,7.0,149.0,NO_LINE,NO_LINE
2013,31,VCU,Akron,1,True,4.636363636363637,136.54854,,,,,46.0,130.0,NO_LINE,NO_LINE
2013,32,Michigan,South Dakota State,1,True,10.711864406779661,131.54175,,,,,15.0,127.0,NO_LINE,NO_LINE
2013,33,UCLA,Minnesota,1,True,0.2222222222222222,153.32307,,,,,-20.0,146.0,NO_LINE,NO_LINE
2013,34,San Diego State,Oklahoma,1,False,-1.0,128.34708,,,,,15.0,125.0,NO_LINE,NO_LINE
2013,35,Georgetown,Florida Gulf Coast,1,True,10.711864406779661,131.77077,,,,,-10.0,146.0,NO_LINE,NO_LINE
2013,36,Kansas,North Carolina,2,True,10.711864406779661,138.11664,,,,,12.0,128.0,NO_LINE,NO_LINE
2013,37,Michigan,VCU,2,False,-0.6249999999999999,131.47177,,,,,25.0,131.0,NO_LINE,NO_LINE
2013,38,Florida,Minnesota,2,True,8.166666666666666,140.06993,,,,,14.0,142.0,NO_LINE,NO_LINE
2013,39,San Diego State,Florida Gulf Coast,2,True,8.350402198949919,132.95131,,,,,-10.0,152.0,NO_LINE,NO_LINE
2013,40,Kansas,Michigan,3,False,4.9743589743589745,163.00789,,,,,-2.0,172.0,NO_LINE,NO_LINE
2013,41,Florida,Florida Gulf Coast,3,True,10.711864406779661,125.57308,,,,,12.0,112.0,NO_LINE,NO_LINE
2013,42,Florida,Michigan,4,False,4.9743589743589745,144.39026,,,,,-20.0,138.0,NO_LINE,NO_LINE
2013,43,Gonzaga,Southern,1,True,24.25,135.77866,,,,,6.0,122.0,NO_LINE,NO_LINE
2013,44,Pittsburgh,Wichita State,1,False,4.9743589743589745,135.33234,,,,,-18.0,128.0,NO_LINE,NO_LINE
2013,45,Wisconsin,Ole Miss,1,True,4.636363636363637,141.1909,,,,,-11.0,103.0,NO_LINE,NO_LINE
2013,46,Kansas State,La Salle,1,True,8.166666666666666,133.32498,,,,,-2.0,124.0,NO_LINE,NO_LINE
2013,47,Arizona,Belmont,1,True,0.2222222222222222,132.59578,,,,,17.0,145.0,NO_LINE,NO_LINE
2013,48,New Mexico,Harvard,1,True,10.711864406779661,141.76057,,,,,-6.0,130.0,NO_LINE,NO_LINE
2013,49,Notre Dame,Iowa State,1,False,-1.0,133.51677,,,,,-18.0,134.0,NO_LINE,NO_LINE
2013,50,Ohio State,Iona,1,True,10.711864406779661,136.39716,,,,,25.0,165.0,NO_LINE,NO_LINE
2013,51,Gonzaga,Wichita State,2,True,10.711864406779661,123.87666,,,,,-6.0,146.0,NO_LINE,NO_LINE
2013,52,Ole Miss,La Salle,2,False,-0.7875999135806957,135.4778,,,,,-2.0,150.0,NO_LINE,NO_LINE
2013,53,Arizona,Harvard,2,True,10.711864406779661,133.68132,,,,,23.0,125.0,NO_LINE,NO_LINE
2013,54,Ohio State,Iowa State,2,True,10.711864406779661,137.17955,,,,,3.0,153.0,NO_LINE,NO_LINE
2013,55,Wichita State,La Salle,3,False,7.678912950915078,135.34961,,,,,14.0,130.0,NO_LINE,NO_LINE
2013,56,Ohio State,Arizona,3,False,-0.6249999999999999,141.01753,,,,,3.0,143.0,NO_LINE,NO_LINE
2013,57,Ohio State,Wichita State,4,True,10.711864406779661,149.89882,,,,,-4.0,136.0,NO_LINE,NO_LINE
2013,58,Syracuse,Michigan,5,False,4.9743589743589745,144.91127,,,,,-5.0,117.0,NO_LINE,NO_LINE
2013,59,Louisville,Wichita State,5,True,12.833333333333334,122.5571,,,,,4.0,140.0,NO_LINE,NO_LINE
2013,60,Louisville,Michigan,6,False,4.9743589743589745,144.98807,,,,,6.0,158.0,NO_LINE,NO_LINE
2014,0,Virginia,Coastal Carolina,1,True,23.875,143.8305,,,,,11.0,129.0,NO_LINE,NO_LINE
2014,1,Memphis,George Washington,1,False,2.6,128.61122,,,,,5.0,137.0,NO_LINE,NO_LINE
2014,2,Cincinnati,Harvard,1,True,4.55,132.71326,,,,,-4.0,118.0,NO_LINE,NO_LINE
2014,3,Michigan State,Delaware,1,True,12.149055619532072,138.08395,,,,,15.0,171.0,NO_LINE,NO_LINE
2014,4,North Carolina,Providence,1,True,8.448979591836736,134.96867,,,,,2.0,156.0,NO_LINE,NO_LINE
2014,5,Iowa State,North Carolina Central,1,True,3.3333333333333335,140.49657,,,,,18.0,168.0,NO_LINE,NO_LINE
2014,6,Villanova,Milwaukee,1,True,12.71875,130.87204,,,,,20.0,126.0,NO_LINE,NO_LINE
2014,7,Virginia,Memphis,2,True,8.448979591836736,139.07782,,,,,18.0,138.0,NO_LINE,NO_LINE
2014,8,Michigan State,Harvard,2,True,8.448979591836736,132.97487,,,,,7.0,153.0,NO_LINE,NO_LINE
2014,9,Iowa State,North Carolina,2,False,2.6,146.64743,,,,,2.0,168.0,NO_LINE,NO_LINE
2014,10,Villanova,Connecticut,2,True,4.55,126.421814,,,,,-12.0,142.0,NO_LINE,NO_LINE
2014,11,Virginia,Michigan State,3,False,-3.0869565217391304,145.27808,,,,,-2.0,120.0,NO_LINE,NO_LINE
2014,12,Iowa State,Connecticut,3,False,-3.0869565217391304,143.22395,,,,,-5.0,157.0,NO_LINE,NO_LINE
2014,13,Michigan State,Connecticut,4,False,4.090909090909091,123.73249,,,,,-6.0,114.0,NO_LINE,NO_LINE
2014,14,Wichita State,Cal Poly,1,True,23.875,138.98553,,,,,27.0,101.0,NO_LINE,NO_LINE
2014,15,Kentucky,Kansas State,1,False,4.090909090909091,139.25291,,,,,7.0,105.0,NO_LINE,NO_LINE
2014,16,Saint Louis,North Carolina State,1,True,3.3333333333333335,141.05698,,,,,3.0,163.0,NO_LINE,NO_LINE
2014,17,Louisville,Manhattan,1,True,10.0,119.72332,,,,,7.0,135.0,NO_LINE,NO_LINE
2014,18,Duke,Mercer,1,True,12.71875,122.85853,,,,,-7.0,149.0,NO_LINE,NO_LINE
2014,19,Texas,Arizona State,1,False,2.6,128.6454,,,,,2.0,172.0,NO_LINE,NO_LINE
2014,20,Michigan,Wofford,1,True,15.425972327859498,131.889,,,,,17.0,97.0,NO_LINE,NO_LINE
2014,21,Wichita State,Kentucky,2,True,8.448979591836736,137.36621,,,,,-2.0,154.0,NO_LINE,NO_LINE
2014,22,Louisville,Saint Louis,2,False,8.571428571428571,133.57274,,,,,15.0,117.0,NO_LINE,NO_LINE
2014,23,Tennessee,Mercer,2,False,2.6,131.43962,,,,,20.0,146.0,NO_LINE,NO_LINE
2014,24,Michigan,Texas,2,True,8.448979591836736,134.0828,,,,,14.0,144.0,NO_LINE,NO_LINE
2014,25,Louisville,Kentucky,3,False,4.090909090909091,144.29727,,,,,-5.0,143.0,NO_LINE,NO_LINE
2014,26,Michigan,Tennessee,3,True,8.448979591836736,127.23836,,,,,2.0,144.0,NO_LINE,NO_LINE
2014,27,Michigan,Kentucky,4,True,8.448979591836736,130.6926,,,,,-3.0,147.0,NO_LINE,NO_LINE
2014,28,Colorado,Pittsburgh,1,False,-3.0869565217391304,125.773315,,,,,-29.0,125.0,NO_LINE,NO_LINE
2014,29,VCU,Stephen F. Austin,1,True,4.55,152.47342,,,,,-2.0,152.0,NO_LINE,NO_LINE
2014,30,UCLA,Tulsa,1,True,4.55,137.59221,,,,,17.0,135.0,NO_LINE,NO_LINE
2014,31,Ohio State,Dayton,1,True,8.448979591836736,129.69704,,,,,-1.0,119.0,NO_LINE,NO_LINE
2014,32,Syracuse,Western Michigan,1,True,12.71875,136.83768,,,,,24.0,130.0,NO_LINE,NO_LINE
2014,33,New Mexico,Stanford,1,False,2.823529411764706,137.52924,,,,,-5.0,111.0,NO_LINE,NO_LINE
2014,34,Kansas,Eastern Kentucky,1,True,11.059637478116056,138.71544,,,,,11.0,149.0,NO_LINE,NO_LINE
2014,35,Florida,Pittsburgh,2,True,8.448979591836736,129.85252,,,,,16.0,106.0,NO_LINE,NO_LINE
2014,36,UCLA,Stephen F. Austin,2,True,3.3333333333333335,142.05974,,,,,17.0,137.0,NO_LINE,NO_LINE
2014,37,Syracuse,Dayton,2,True,8.448979591836736,135.82875,,,,,-2.0,108.0,NO_LINE,NO_LINE
2014,38,Kansas,Stanford,2,True,8.448979591836736,143.51729,,,,,-3.0,117.0,NO_LINE,NO_LINE
2014,39,Florida,UCLA,3,False,3.8333333333333335,148.90614,,,,,11.0,147.0,NO_LINE,NO_LINE
2014,40,Stanford,Dayton,3,False,2.823529411764706,131.807,,,,,-10.0,154.0,NO_LINE,NO_LINE
2014,41,Florida,Dayton,4,True,12.71875,137.52365,,,,,10.0,114.0,NO_LINE,NO_LINE
2014,42,Gonzaga,Oklahoma State,1,False,-3.0869565217391304,136.13214,,,,,8.0,162.0,NO_LINE,NO_LINE
2014,43,Oklahoma,North Dakota State,1,True,8.448979591836736,139.03653,,,,,-5.0,155.0,NO_LINE,NO_LINE
2014,44,San Diego State,New Mexico State,1,True,8.448979591836736,141.03384,,,,,4.0,142.0,NO_LINE,NO_LINE
2014,45,Baylor,Nebraska,1,True,8.448979591836736,142.93048,,,,,14.0,134.0,NO_LINE,NO_LINE
2014,46,Creighton,Louisiana Lafayette,1,True,8.448979591836736,135.09889,,,,,10.0,142.0,NO_LINE,NO_LINE
2014,47,Oregon,BYU,1,False,2.823529411764706,128.01065,,,,,19.0,155.0,NO_LINE,NO_LINE
2014,48,Wisconsin,American,1,True,12.71875,144.5555,,,,,40.0,110.0,NO_LINE,NO_LINE
2014,49,Arizona,Gonzaga,2,True,8.448979591836736,141.20496,,,,,23.0,145.0,NO_LINE,NO_LINE
2014,50,San Diego State,North Dakota State,2,True,8.448979591836736,138.81813,,,,,19.0,107.0,NO_LINE,NO_LINE
2014,51,Creighton,Baylor,2,False,2.6,124.852036,,,,,-30.0,140.0,NO_LINE,NO_LINE
2014,52,Wisconsin,Oregon,2,True,4.55,144.15086,,,,,8.0,162.0,NO_LINE,NO_LINE
2014,53,Arizona,San Diego State,3,False,4.090909090909091,148.16652,,,,,6.0,134.0,NO_LINE,NO_LINE
2014,54,Wisconsin,Baylor,3,False,4.090909090909091,146.3388,,,,,17.0,121.0,NO_LINE,NO_LINE
2014,55,Arizona,Wisconsin,4,False,-3.0869565217391304,140.20877,,,,,-1.0,127.0,NO_LINE,NO_LINE
2014,56,Florida,Connecticut,5,True,8.448979591836736,123.225685,,,,,-10.0,116.0,NO_LINE,NO_LINE
2014,57,Wisconsin,Kentucky,5,True,4.55,138.50946,,,,,-1.0,147.0,NO_LINE,NO_LINE
2014,58,Connecticut,Kentucky,6,False,2.6,132.95676,,,,,6.0,114.0,NO_LINE,NO_LINE
2015,0,Villanova,Lafayette,1,True,30.2,135.6927,,,,,41.0,145.0,NO_LINE,NO_LINE
2015,1,North Carolina State,LSU,1,False,2.25,125.518936,,,,,1.0,131.0,NO_LINE,NO_LINE
2015,2,Northern Iowa,Wyoming,1,True,12.592592592592593,128.35455,,,,,17.0,125.0,NO_LINE,NO_LINE
2015,3,Louisville,UC-Irvine,1,True,9.384615384615385,129.48393,,,,,2.0,112.0,NO_LINE,NO_LINE
2015,4,Providence,Dayton,1,True,9.384615384615385,136.42802,,,,,-13.0,119.0,NO_LINE,NO_LINE
2015,5,Michigan State,Georgia,1,False,4.161290322580645,130.3185,,,,,7.0,133.0,NO_LINE,NO_LINE
2015,6,Virginia,Belmont,1,True,19.928571428571427,141.52252,,,,,12.0,146.0,NO_LINE,NO_LINE
2015,7,Villanova,North Carolina State,2,True,9.384615384615385,143.16783,,,,,-3.0,139.0,NO_LINE,NO_LINE
2015,8,Louisville,Northern Iowa,2,False,2.25,139.6534,,,,,13.0,119.0,NO_LINE,NO_LINE
2015,9,Oklahoma,Dayton,2,True,9.384615384615385,134.39519,,,,,6.0,138.0,NO_LINE,NO_LINE
2015,10,Virginia,Michigan State,2,True,9.384615384615385,125.34748,,,,,-6.0,114.0,NO_LINE,NO_LINE
2015,11,Louisville,North Carolina State,3,False,-0.5555555555555556,121.83511,,,,,10.0,140.0,NO_LINE,NO_LINE
2015,12,Oklahoma,Michigan State,3,False,-0.5555555555555556,143.01228,,,,,-4.0,120.0,NO_LINE,NO_LINE
2015,13,Louisville,Michigan State,4,False,-3.6666666666666665,134.80128,,,,,-6.0,146.0,NO_LINE,NO_LINE
2015,14,Kentucky,Hampton,1,True,30.2,134.90875,,,,,23.0,135.0,NO_LINE,NO_LINE
2015,15,Cincinnati,Purdue,1,False,-3.6666666666666665,124.02229,,,,,1.0,131.0,NO_LINE,NO_LINE
2015,16,West Virginia,Buffalo,1,True,7.076509205557221,149.751,,,,,6.0,130.0,NO_LINE,NO_LINE
2015,17,Maryland,Valparaiso,1,True,8.692307692307692,127.1905,,,,,3.0,127.0,NO_LINE,NO_LINE
2015,18,Butler,Texas,1,True,2.3714285714285714,141.34291,,,,,8.0,104.0,NO_LINE,NO_LINE
2015,19,Notre Dame,Northeastern,1,True,17.081943828468216,125.38295,,,,,4.0,134.0,NO_LINE,NO_LINE
2015,20,Wichita State,Indiana,1,False,2.25,152.86726,,,,,5.0,157.0,NO_LINE,NO_LINE
2015,21,Kansas,New Mexico State,1,True,12.592592592592593,134.71869,,,,,19.0,131.0,NO_LINE,NO_LINE
2015,22,Kentucky,Cincinnati,2,True,19.928571428571427,145.68521,,,,,13.0,115.0,NO_LINE,NO_LINE
2015,23,Maryland,West Virginia,2,False,2.25,142.22212,,,,,-10.0,128.0,NO_LINE,NO_LINE
2015,24,Notre Dame,Butler,2,False,2.25,123.57845,,,,,3.0,131.0,NO_LINE,NO_LINE
2015,25,Kansas,Wichita State,2,True,9.384615384615385,135.54037,,,,,-13.0,143.0,NO_LINE,NO_LINE
2015,26,Kentucky,West Virginia,3,False,4.161290322580645,134.96986,,,,,39.0,117.0,NO_LINE,NO_LINE
2015,27,Notre Dame,Wichita State,3,False,2.25,128.9644,,,,,11.0,151.0,NO_LINE,NO_LINE
2015,28,Kentucky,Notre Dame,4,False,4.161290322580645,152.96753,,,,,2.0,134.0,NO_LINE,NO_LINE
2015,29,Duke,Robert Morris,1,True,28.650701575337187,126.90298,,,,,29.0,141.0,NO_LINE,NO_LINE
2015,30,San Diego State,St. John's (NY),1,False,-0.5555555555555556,121.7987,,,,,12.0,140.0,NO_LINE,NO_LINE
2015,31,Utah,Stephen F. Austin,1,True,9.384615384615385,137.52864,,,,,7.0,107.0,NO_LINE,NO_LINE
2015,32,Georgetown,Eastern Washington,1,True,9.384615384615385,146.39964,,,,,10.0,158.0,NO_LINE,NO_LINE
2015,33,SMU,UCLA,1,True,7.193382987608166,118.692795,,,,,-1.0,119.0,NO_LINE,NO_LINE
2015,34,Iowa State,UAB,1,True,12.592592592592593,154.92203,,,,,-1.0,119.0,NO_LINE,NO_LINE
2015,35,Iowa,Davidson,1,False,4.161290322580645,132.79344,,,,,31.0,135.0,NO_LINE,NO_LINE
2015,36,Gonzaga,North Dakota State,1,True,19.928571428571427,140.19737,,,,,10.0,162.0,NO_LINE,NO_LINE
2015,37,Duke,San Diego State,2,True,9.384615384615385,135.69446,,,,,19.0,117.0,NO_LINE,NO_LINE
2015,38,Georgetown,Utah,2,False,-0.5555555555555556,133.05463,,,,,-11.0,139.0,NO_LINE,NO_LINE
2015,39,UCLA,UAB,2,False,2.25,135.15115,,,,,17.0,167.0,NO_LINE,NO_LINE
2015,40,Gonzaga,Iowa,2,True,9.384615384615385,120.86873,,,,,19.0,155.0,NO_LINE,NO_LINE
2015,41,Duke,Utah,3,False,2.25,128.91104,,,,,6.0,120.0,NO_LINE,NO_LINE
2015,42,Gonzaga,UCLA,3,True,9.384615384615385,118.47214,,,,,12.0,136.0,NO_LINE,NO_LINE
2015,43,Duke,Gonzaga,4,False,-0.5555555555555556,130.16245,,,,,14.0,118.0,NO_LINE,NO_LINE
2015,44,Wisconsin,Coastal Carolina,1,True,19.928571428571427,137.55544,,,,,14.0,158.0,NO_LINE,NO_LINE
2015,45,Oregon,Oklahoma State,1,False,2.25,152.95557,,,,,6.0,152.0,NO_LINE,NO_LINE
2015,46,Arkansas,Wofford,1,True,9.384615384615385,139.32774,,,,,3.0,109.0,NO_LINE,NO_LINE
2015,47,North Carolina,Harvard,1,True,12.592592592592593,138.56726,,,,,2.0,132.0,NO_LINE,NO_LINE
2015,48,Xavier,Ole Miss,1,True,2.3714285714285714,137.646,,,,,19.0,133.0,NO_LINE,NO_LINE
2015,49,Baylor,Georgia State,1,True,9.384615384615385,136.1837,,,,,-1.0,113.0,NO_LINE,NO_LINE
2015,50,VCU,Ohio State,1,False,-3.6666666666666665,143.3608,,,,,-3.0,147.0,NO_LINE,NO_LINE
2015,51,Arizona,Texas Southern,1,True,19.928571428571427,137.73035,,,,,21.0,165.0,NO_LINE,NO_LINE
2015,52,Wisconsin,Oregon,2,True,9.384615384615385,139.68387,,,,,7.0,137.0,NO_LINE,NO_LINE
2015,53,North Carolina,Arkansas,2,False,2.25,141.77577,,,,,9.0,165.0,NO_LINE,NO_LINE
2015,54,Xavier,Georgia State,2,True,2.3714285714285714,142.69597,,,,,8.0,142.0,NO_LINE,NO_LINE
2015,55,Arizona,Ohio State,2,True,9.384615384615385,141.84647,,,,,15.0,131.0,NO_LINE,NO_LINE
2015,56,Wisconsin,North Carolina,3,False,2.25,137.05833,,,,,7.0,151.0,NO_LINE,NO_LINE
2015,57,Arizona,Xavier,3,False,10.32980835715924,142.74667,,,,,8.0,128.0,NO_LINE,NO_LINE
2015,58,Wisconsin,Arizona,4,False,2.25,144.56192,,,,,7.0,163.0,NO_LINE,NO_LINE
2015,59,Duke,Michigan State,5,True,9.384615384615385,127.73823,,,,,20.0,142.0,NO_LINE,NO_LINE
2015,60,Kentucky,Wisconsin,5,False,-3.6666666666666665,150.34386,,,,,-7.0,135.0,NO_LINE,NO_LINE
2015,61,Duke,Wisconsin,6,False,2.25,137.55489,,,,,5.0,131.0,NO_LINE,NO_LINE
2016,0,North Carolina,Florida Gulf Coast,1,True,25.4,151.67455,,,,,16.0,150.0,NO_LINE,NO_LINE
2016,1,USC,Providence,1,False,-0.782608695652174,140.10579,,,,,-1.0,139.0,NO_LINE,NO_LINE
2016,2,Indiana,Chattanooga,1,True,10.15,137.9729,,,,,25.0,173.0,NO_LINE,NO_LINE
2016,3,Kentucky,Stony Brook,1,True,12.0,136.28671,,,,,28.0,142.0,NO_LINE,NO_LINE
2016,4,Notre Dame,Michigan,1,True,6.466666666666667,151.4966,,,,,7.0,133.0,NO_LINE,NO_LINE
2016,5,West Virginia,Stephen F. Austin,1,True,9.5,137.47717,,,,,-14.0,126.0,NO_LINE,NO_LINE
2016,6,Wisconsin,Pittsburgh,1,False,-0.782608695652174,133.18867,,,,,4.0,90.0,NO_LINE,NO_LINE
2016,7,North Carolina,Providence,2,True,8.241935483870968,142.0346,,,,,19.0,151.0,NO_LINE,NO_LINE
2016,8,Kentucky,Indiana,2,False,5.38,140.84085,,,,,-6.0,140.0,NO_LINE,NO_LINE
2016,9,Notre Dame,Stephen F. Austin,2,True,3.6666666666666665,136.73294,,,,,1.0,151.0,NO_LINE,NO_LINE
2016,10,Xavier,Wisconsin,2,True,8.241935483870968,138.72548,,,,,-3.0,129.0,NO_LINE,NO_LINE
2016,11,North Carolina,Indiana,3,False,5.38,152.79555,,,,,15.0,187.0,NO_LINE,NO_LINE
2016,12,Notre Dame,Wisconsin,3,False,-0.782608695652174,142.55806,,,,,5.0,117.0,NO_LINE,NO_LINE
2016,13,North Carolina,Notre Dame,4,True,10.15,146.33905,,,,,14.0,162.0,NO_LINE,NO_LINE
2016,14,Virginia,Hampton,1,True,25.4,133.45822,,,,,36.0,126.0,NO_LINE,NO_LINE
2016,15,Texas Tech,Butler,1,False,-0.782608695652174,131.56552,,,,,-10.0,132.0,NO_LINE,NO_LINE
2016,16,Purdue,Little Rock,1,True,8.241935483870968,124.96164,,,,,-2.0,168.0,NO_LINE,NO_LINE
2016,17,Iowa State,Iona,1,True,8.241935483870968,149.32181,,,,,13.0,175.0,NO_LINE,NO_LINE
2016,18,Seton Hall,Gonzaga,1,True,8.241935483870968,120.19458,,,,,-16.0,120.0,NO_LINE,NO_LINE
2016,19,Dayton,Syracuse,1,False,-0.782608695652174,157.40804,,,,,-19.0,121.0,NO_LINE,NO_LINE
2016,20,Michigan State,Middle Tennessee,1,True,14.476190476190476,133.73103,,,,,-9.0,171.0,NO_LINE,NO_LINE
2016,21,Virginia,Butler,2,True,8.241935483870968,134.63768,,,,,8.0,146.0,NO_LINE,NO_LINE
2016,22,Iowa State,Little Rock,2,True,6.466666666666667,141.95088,,,,,17.0,139.0,NO_LINE,NO_LINE
2016,23,Utah,Gonzaga,2,True,6.466666666666667,153.81116,,,,,-23.0,141.0,NO_LINE,NO_LINE
2016,24,Syracuse,Middle Tennessee,2,True,8.241935483870968,123.83738,,,,,25.0,125.0,NO_LINE,NO_LINE
2016,25,Virginia,Iowa State,3,False,5.38,146.09892,,,,,13.0,155.0,NO_LINE,NO_LINE
2016,26,Syracuse,Gonzaga,3,False,-0.782608695652174,134.3074,,,,,3.0,123.0,NO_LINE,NO_LINE
2016,27,Virginia,Syracuse,4,True,8.241935483870968,134.2742,,,,,-6.0,130.0,NO_LINE,NO_LINE
2016,28,Kansas,Austin Peay,1,True,27.2,136.12521,,,,,26.0,184.0,NO_LINE,NO_LINE
2016,29,Colorado,Connecticut,1,False,-0.782608695652174,149.15323,,,,,-7.0,141.0,NO_LINE,NO_LINE
2016,30,Maryland,South Dakota State,1,True,8.241935483870968,137.75197,,,,,5.0,153.0,NO_LINE,NO_LINE
2016,31,California,Hawaii,1,True,6.466666666666667,138.49863,,,,,-11.0,143.0,NO_LINE,NO_LINE
2016,32,Arizona,Wichita State,1,True,6.466666666666667,144.96965,,,,,-10.0,120.0,NO_LINE,NO_LINE
2016,33,Miami FL,Buffalo,1,True,12.0,136.21672,,,,,7.0,151.0,NO_LINE,NO_LINE
2016,34,Iowa,Temple,1,False,5.38,131.92206,,,,,2.0,142.0,NO_LINE,NO_LINE
2016,35,Villanova,UNC Asheville,1,True,14.476190476190476,149.44823,,,,,30.0,142.0,NO_LINE,NO_LINE
2016,36,Kansas,Connecticut,2,True,10.15,143.84818,,,,,12.0,134.0,NO_LINE,NO_LINE
2016,37,Maryland,Hawaii,2,True,8.241935483870968,136.02473,,,,,13.0,133.0,NO_LINE,NO_LINE
2016,38,Miami FL,Wichita State,2,True,6.466666666666667,142.09456,,,,,8.0,122.0,NO_LINE,NO_LINE
2016,39,Villanova,Iowa,2,True,8.241935483870968,138.38263,,,,,19.0,155.0,NO_LINE,NO_LINE
2016,40,Kansas,Maryland,3,False,12.363636363636363,138.14134,,,,,16.0,142.0,NO_LINE,NO_LINE
2016,41,Villanova,Miami FL,3,False,1.2340425531914894,141.64862,,,,,23.0,161.0,NO_LINE,NO_LINE
2016,42,Kansas,Villanova,4,False,5.38,149.93149,,,,,-5.0,123.0,NO_LINE,NO_LINE
2016,43,Oregon,Holy Cross,1,True,27.2,138.38982,,,,,39.0,143.0,NO_LINE,NO_LINE
2016,44,Baylor,Yale,1,True,8.241935483870968,130.63196,,,,,-4.0,154.0,NO_LINE,NO_LINE
2016,45,Duke,UNC Wilmington,1,True,8.241935483870968,156.74478,,,,,8.0,178.0,NO_LINE,NO_LINE
2016,46,Texas,Northern Iowa,1,True,6.466666666666667,140.3559,,,,,-3.0,147.0,NO_LINE,NO_LINE
2016,47,Texas A&M,Green Bay,1,True,10.15,137.12102,,,,,27.0,157.0,NO_LINE,NO_LINE
2016,48,Oregon State,VCU,1,False,-0.782608695652174,134.88524,,,,,-8.0,142.0,NO_LINE,NO_LINE
2016,49,Duke,Yale,2,True,8.241935483870968,144.55638,,,,,7.0,135.0,NO_LINE,NO_LINE
2016,50,Texas A&M,Northern Iowa,2,True,8.241935483870968,122.7895,,,,,4.0,180.0,NO_LINE,NO_LINE
2016,51,Oklahoma,VCU,2,True,8.241935483870968,152.73817,,,,,4.0,166.0,NO_LINE,NO_LINE
2016,52,Oregon,Duke,3,False,-0.782608695652174,136.81667,,,,,14.0,150.0,NO_LINE,NO_LINE
2016,53,Oklahoma,Texas A&M,3,False,-0.782608695652174,138.29878,,,,,14.0,140.0,NO_LINE,NO_LINE
2016,54,Oregon,Oklahoma,4,False,-0.782608695652174,140.2064,,,,,-12.0,148.0,NO_LINE,NO_LINE
2016,55,North Carolina,Syracuse,5,True,8.241935483870968,150.25703,,,,,17.0,149.0,NO_LINE,NO_LINE
2016,56,Villanova,Oklahoma,5,False,1.2340425531914894,137.39662,,,,,44.0,146.0,NO_LINE,NO_LINE
2016,57,North Carolina,Villanova,6,False,1.2340425531914894,146.68787,,,,,-3.0,151.0,NO_LINE,NO_LINE
2017,0,Villanova,Mount St. Mary's,1,True,22.5,140.13768,,,,,20.0,132.0,NO_LINE,NO_LINE
2017,1,Wisconsin,Virginia Tech,1,False,4.825,148.28436,,,,,10.0,158.0,NO_LINE,NO_LINE
2017,2,Virginia,UNC Wilmington,1,True,6.620689655172414,144.3195,,,,,5.0,147.0,NO_LINE,NO_LINE
2017,3,Florida,East Tennessee State,1,True,9.879310344827585,132.02583,,,,,15.0,145.0,NO_LINE,NO_LINE
2017,4,SMU,USC,1,True,9.879310344827585,131.31302,,,,,-1.0,131.0,NO_LINE,NO_LINE
2017,5,Baylor,New Mexico State,1,True,13.705882352941176,121.36884,,,,,18.0,164.0,NO_LINE,NO_LINE
2017,6,South Carolina,Marquette,1,False,4.825,155.66336,,,,,20.0,166.0,NO_LINE,NO_LINE
2017,7,Duke,Troy,1,True,15.666666666666666,144.16742,,,,,22.0,152.0,NO_LINE,NO_LINE
2017,8,Villanova,Wisconsin,2,True,8.21875,133.63403,,,,,-3.0,127.0,NO_LINE,NO_LINE
2017,9,Florida,Virginia,2,False,4.825,148.91058,,,,,26.0,104.0,NO_LINE,NO_LINE
2017,10,Baylor,USC,2,True,9.879310344827585,129.2236,,,,,4.0,160.0,NO_LINE,NO_LINE
2017,11,Duke,South Carolina,2,True,6.620689655172414,130.68716,,,,,-7.0,169.0,NO_LINE,NO_LINE
2017,12,Florida,Wisconsin,3,False,4.825,137.90852,,,,,1.0,167.0,NO_LINE,NO_LINE
2017,13,Baylor,South Carolina,3,False,4.825,134.60075,,,,,-20.0,120.0,NO_LINE,NO_LINE
2017,14,Florida,South Carolina,4,False,4.825,149.06981,,,,,-7.0,147.0,NO_LINE,NO_LINE
2017,15,Kansas,UC-Davis,1,True,22.5,124.90073,,,,,38.0,162.0,NO_LINE,NO_LINE
2017,16,Miami FL,Michigan State,1,False,4.825,131.57803,,,,,-20.0,136.0,NO_LINE,NO_LINE
2017,17,Iowa State,Nevada,1,True,6.620689655172414,156.43901,,,,,11.0,157.0,NO_LINE,NO_LINE
2017,18,Purdue,Vermont,1,True,6.620689655172414,138.28009,,,,,10.0,150.0,NO_LINE,NO_LINE
2017,19,Creighton,Rhode Island,1,True,3.5,153.9346,,,,,-12.0,156.0,NO_LINE,NO_LINE
2017,20,Oregon,Iona,1,True,15.454545454545455,130.58995,,,,,16.0,170.0,NO_LINE,NO_LINE
2017,21,Michigan,Oklahoma State,1,False,2.0714285714285716,166.31812,,,,,1.0,183.0,NO_LINE,NO_LINE
2017,22,Louisville,Jacksonville State,1,True,15.666666666666666,136.32013,,,,,15.0,141.0,NO_LINE,NO_LINE
2017,23,Kansas,Michigan State,2,True,9.879310344827585,144.33147,,,,,20.0,160.0,NO_LINE,NO_LINE
2017,24,Purdue,Iowa State,2,False,2.0714285714285716,139.05215,,,,,4.0,156.0,NO_LINE,NO_LINE
2017,25,Oregon,Rhode Island,2,True,6.620689655172414,138.66428,,,,,3.0,147.0,NO_LINE,NO_LINE
2017,26,Louisville,Michigan,2,True,6.620689655172414,141.56052,,,,,-4.0,142.0,NO_LINE,NO_LINE
2017,27,Kansas,Purdue,3,False,2.0714285714285716,145.01755,,,,,32.0,164.0,NO_LINE,NO_LINE
2017,28,Oregon,Michigan,3,False,2.0714285714285716,137.28369,,,,,1.0,137.0,NO_LINE,NO_LINE
2017,29,Kansas,Oregon,4,False,2.0714285714285716,143.67253,,,,,-14.0,134.0,NO_LINE,NO_LINE
2017,30,North Carolina,Texas Southern,1,True,22.5,144.38602,,,,,39.0,167.0,NO_LINE,NO_LINE
2017,31,Arkansas,Seton Hall,1,False,4.825,148.97836,,,,,6.0,148.0,NO_LINE,NO_LINE
2017,32,Minnesota,Middle Tennessee,1,True,3.5,133.38246,,,,,-9.0,153.0,NO_LINE,NO_LINE
2017,33,Butler,Winthrop,1,True,9.879310344827585,148.59224,,,,,12.0,140.0,NO_LINE,NO_LINE
2017,34,Cincinnati,Kansas State,1,True,3.5,145.45752,,,,,14.0,136.0,NO_LINE,NO_LINE
2017,35,UCLA,Kent State,1,True,13.705882352941176,140.16988,,,,,17.0,177.0,NO_LINE,NO_LINE
2017,36,Dayton,Wichita State,1,False,-4.0,127.84307,,,,,-6.0,122.0,NO_LINE,NO_LINE
2017,37,Kentucky,Northern Kentucky,1,True,15.666666666666666,157.06967,,,,,9.0,149.0,NO_LINE,NO_LINE
2017,38,North Carolina,Arkansas,2,True,8.21875,156.06818,,,,,7.0,137.0,NO_LINE,NO_LINE
2017,39,Butler,Middle Tennessee,2,True,3.5,145.71373,,,,,9.0,139.0,NO_LINE,NO_LINE
2017,40,UCLA,Cincinnati,2,False,2.0714285714285716,146.42294,,,,,12.0,146.0,NO_LINE,NO_LINE
2017,41,Kentucky,Wichita State,2,True,6.620689655172414,147.11865,,,,,3.0,127.0,NO_LINE,NO_LINE
2017,42,North Carolina,Butler,3,False,4.825,156.18402,,,,,12.0,172.0,NO_LINE,NO_LINE
2017,43,Kentucky,UCLA,3,False,4.825,158.42386,,,,,11.0,161.0,NO_LINE,NO_LINE
2017,44,North Carolina,Kentucky,4,False,-2.53125,138.72977,,,,,2.0,148.0,NO_LINE,NO_LINE
2017,45,Gonzaga,South Dakota State,1,True,22.76113014764916,144.59486,,,,,20.0,112.0,NO_LINE,NO_LINE
2017,46,Northwestern,Vanderbilt,1,False,-2.53125,136.13155,,,,,2.0,134.0,NO_LINE,NO_LINE
2017,47,Notre Dame,Princeton,1,True,6.620689655172414,135.59642,,,,,2.0,118.0,NO_LINE,NO_LINE
2017,48,West Virginia,Bucknell,1,True,9.879310344827585,136.98834,,,,,6.0,166.0,NO_LINE,NO_LINE
2017,49,Maryland,Xavier,1,True,3.5,131.98381,,,,,-11.0,141.0,NO_LINE,NO_LINE
2017,50,Florida State,Florida Gulf Coast,1,True,9.879310344827585,147.70105,,,,,6.0,166.0,NO_LINE,NO_LINE
2017,51,Saint Mary's,VCU,1,False,18.375,154.49144,,,,,8.0,162.0,NO_LINE,NO_LINE
2017,52,Arizona,North Dakota,1,True,15.666666666666666,128.90257,,,,,18.0,182.0,NO_LINE,NO_LINE
2017,53,Gonzaga,Northwestern,2,True,8.21875,139.24007,,,,,6.0,152.0,NO_LINE,NO_LINE
2017,54,West Virginia,Notre Dame,2,False,4.825,145.1928,,,,,12.0,154.0,NO_LINE,NO_LINE
2017,55,Florida State,Xavier,2,True,3.5,148.04218,,,,,-25.0,157.0,NO_LINE,NO_LINE
2017,56,Arizona,Saint Mary's,2,True,6.620689655172414,135.11299,,,,,9.0,129.0,NO_LINE,NO_LINE
2017,57,Gonzaga,West Virginia,3,False,4.825,150.50499,,,,,3.0,119.0,NO_LINE,NO_LINE
2017,58,Arizona,Xavier,3,True,8.21875,130.16136,,,,,-2.0,144.0,NO_LINE,NO_LINE
2017,59,Gonzaga,Xavier,4,True,9.879310344827585,141.27687,,,,,24.0,142.0,NO_LINE,NO_LINE
2017,60,Gonzaga,South Carolina,5,True,8.21875,135.20674,,,,,4.0,150.0,NO_LINE,NO_LINE
2017,61,North Carolina,Oregon,5,False,4.825,153.55475,,,,,1.0,153.0,NO_LINE,NO_LINE
2017,62,Gonzaga,North Carolina,6,False,2.0714285714285716,148.48943,,,,,-6.0,136.0,NO_LINE,NO_LINE
2018,0,Villanova,Radford,1,True,21.8,137.43166,,,,,26.0,148.0,NO_LINE,NO_LINE
2018,1,Virginia Tech,Alabama,1,False,2.1612903225806455,144.60019,,,,,-3.0,169.0,NO_LINE,NO_LINE
2018,2,West Virginia,Murray State,1,True,8.75,147.65698,,,,,17.0,153.0,NO_LINE,NO_LINE
2018,3,Wichita State,Marshall,1,True,10.885714285714286,131.21489,,,,,-6.0,156.0,NO_LINE,NO_LINE
2018,4,Florida,St. Bonaventure,1,True,3.2542372881355934,154.40157,,,,,15.0,139.0,NO_LINE,NO_LINE
2018,5,Texas Tech,Stephen F. Austin,1,True,6.777777777777778,134.4951,,,,,10.0,130.0,NO_LINE,NO_LINE
2018,6,Arkansas,Butler,1,False,-2.7083333333333335,142.5873,,,,,-17.0,141.0,NO_LINE,NO_LINE
2018,7,Purdue,Cal State Fullerton,1,True,14.527777777777779,140.82422,,,,,26.0,122.0,NO_LINE,NO_LINE
2018,8,Villanova,Alabama,2,True,10.885714285714286,146.8252,,,,,23.0,139.0,NO_LINE,NO_LINE
2018,9,West Virginia,Marshall,2,True,14.527777777777779,138.67029,,,,,23.0,165.0,NO_LINE,NO_LINE
2018,10,Texas Tech,Florida,2,False,-2.7083333333333335,132.71487,,,,,3.0,135.0,NO_LINE,NO_LINE
2018,11,Purdue,Butler,2,True,3.7738824129806847,150.02402,,,,,3.0,149.0,NO_LINE,NO_LINE
2018,12,Villanova,West Virginia,3,False,10.0,154.11403,,,,,12.0,168.0,NO_LINE,NO_LINE
2018,13,Purdue,Texas Tech,3,False,5.12280701754386,139.85234,,,,,-13.0,143.0,NO_LINE,NO_LINE
2018,14,Villanova,Texas Tech,4,False,5.12280701754386,136.12244,,,,,12.0,130.0,NO_LINE,NO_LINE
2018,15,Kansas,Penn,1,True,14.527777777777779,150.25099,,,,,16.0,136.0,NO_LINE,NO_LINE
2018,16,Seton Hall,North Carolina State,1,False,9.0,139.52167,,,,,11.0,177.0,NO_LINE,NO_LINE
2018,17,Clemson,New Mexico State,1,True,3.2542372881355934,136.18918,,,,,11.0,147.0,NO_LINE,NO_LINE
2018,18,Auburn,College of Charleston,1,True,8.75,155.44878,,,,,4.0,120.0,NO_LINE,NO_LINE
2018,19,TCU,Syracuse,1,True,3.2542372881355934,132.81131,,,,,-5.0,109.0,NO_LINE,NO_LINE
2018,20,Michigan State,Bucknell,1,True,14.527777777777779,135.76546,,,,,4.0,160.0,NO_LINE,NO_LINE
2018,21,Rhode Island,Oklahoma,1,False,-2.7083333333333335,132.57413,,,,,5.0,161.0,NO_LINE,NO_LINE
2018,22,Duke,Iona,1,True,21.8,144.09303,,,,,22.0,156.0,NO_LINE,NO_LINE
2018,23,Kansas,Seton Hall,2,True,5.0,140.37677,,,,,4.0,162.0,NO_LINE,NO_LINE
2018,24,Auburn,Clemson,2,False,-2.7083333333333335,144.07895,,,,,-31.0,137.0,NO_LINE,NO_LINE
2018,25,Michigan State,Syracuse,2,True,8.75,143.32173,,,,,-2.0,108.0,NO_LINE,NO_LINE
2018,26,Duke,Rhode Island,2,True,10.885714285714286,140.51704,,,,,25.0,149.0,NO_LINE,NO_LINE
2018,27,Kansas,Clemson,3,False,-2.7083333333333335,137.28387,,,,,4.0,156.0,NO_LINE,NO_LINE
2018,28,Duke,Syracuse,3,True,8.75,140.70905,,,,,4.0,134.0,NO_LINE,NO_LINE
2018,29,Kansas,Duke,4,False,-2.7083333333333335,140.3314,,,,,4.0,166.0,NO_LINE,NO_LINE
2018,30,Virginia,UMBC,1,True,14.527777777777779,128.85664,,,,,-20.0,128.0,NO_LINE,NO_LINE
2018,31,Creighton,Kansas State,1,False,2.1612903225806455,142.70428,,,,,-10.0,128.0,NO_LINE,NO_LINE
2018,32,Kentucky,Davidson,1,True,8.307422500035273,142.7192,,,,,5.0,151.0,NO_LINE,NO_LINE
2018,33,Arizona,Buffalo,1,True,3.2542372881355934,138.46538,,,,,-21.0,157.0,NO_LINE,NO_LINE
2018,34,Miami FL,Loyola Chicago,1,True,3.2542372881355934,135.24474,,,,,-2.0,126.0,NO_LINE,NO_LINE
2018,35,Tennessee,Wright State,1,True,14.527777777777779,139.47676,,,,,26.0,120.0,NO_LINE,NO_LINE
2018,36,Nevada,Texas,1,False,5.12280701754386,135.95433,,,,,4.0,170.0,NO_LINE,NO_LINE
2018,37,Cincinnati,Georgia State,1,True,10.885714285714286,139.49611,,,,,15.0,121.0,NO_LINE,NO_LINE
2018,38,Kansas State,UMBC,2,True,14.166666666666666,135.87212,,,,,7.0,93.0,NO_LINE,NO_LINE
2018,39,Kentucky,Buffalo,2,True,6.777777777777778,132.9152,,,,,20.0,170.0,NO_LINE,NO_LINE
2018,40,Tennessee,Loyola Chicago,2,True,8.75,126.87569,,,,,-1.0,125.0,NO_LINE,NO_LINE
2018,41,Cincinnati,Nevada,2,True,8.75,139.07803,,,,,-2.0,148.0,NO_LINE,NO_LINE
2018,42,Kentucky,Kansas State,3,False,4.296296296296297,143.73329,,,,,-3.0,119.0,NO_LINE,NO_LINE
2018,43,Nevada,Loyola Chicago,3,False,5.12280701754386,134.01627,,,,,-1.0,137.0,NO_LINE,NO_LINE
2018,44,Kansas State,Loyola Chicago,4,False,-2.7083333333333335,132.4622,,,,,-16.0,140.0,NO_LINE,NO_LINE
2018,45,Xavier,Texas Southern,1,True,25.5,152.34363,,,,,19.0,185.0,NO_LINE,NO_LINE
2018,46,Missouri,Florida State,1,False,2.1612903225806455,129.59544,,,,,-13.0,121.0,NO_LINE,NO_LINE
2018,47,Ohio State,South Dakota State,1,True,3.6,140.73885,,,,,8.0,154.0,NO_LINE,NO_LINE
2018,48,Gonzaga,UNC Greensboro,1,True,8.75,142.17233,,,,,4.0,132.0,NO_LINE,NO_LINE
2018,49,Houston,San Diego State,1,True,3.4441082400380076,137.7196,,,,,2.0,132.0,NO_LINE,NO_LINE
2018,50,Michigan,Montana,1,True,6.222222222222222,155.70323,,,,,14.0,108.0,NO_LINE,NO_LINE
2018,51,Texas A&M,Providence,1,False,9.0,146.50627,,,,,4.0,142.0,NO_LINE,NO_LINE
2018,52,North Carolina,Lipscomb,1,True,14.527777777777779,142.11174,,,,,18.0,150.0,NO_LINE,NO_LINE
2018,53,Xavier,Florida State,2,True,6.222222222222222,137.84032,,,,,-5.0,145.0,NO_LINE,NO_LINE
2018,54,Gonzaga,Ohio State,2,False,2.1612903225806455,146.49182,,,,,6.0,174.0,NO_LINE,NO_LINE
2018,55,Michigan,Houston,2,False,5.12280701754386,154.44662,,,,,1.0,127.0,NO_LINE,NO_LINE
2018,56,North Carolina,Texas A&M,2,True,8.75,160.60338,,,,,-21.0,151.0,NO_LINE,NO_LINE
2018,57,Gonzaga,Florida State,3,True,3.357299080940389,150.91542,,,,,-15.0,135.0,NO_LINE,NO_LINE
2018,58,Michigan,Texas A&M,3,False,5.12280701754386,147.4433,,,,,27.0,171.0,NO_LINE,NO_LINE
2018,59,Michigan,Florida State,4,True,6.222222222222222,139.21349,,,,,4.0,112.0,NO_LINE,NO_LINE
2018,60,Villanova,Kansas,5,False,6.4946613261362955,137.09117,,,,,16.0,174.0,NO_LINE,NO_LINE
2018,61,Michigan,Loyola Chicago,5,True,8.75,126.92629,,,,,12.0,126.0,NO_LINE,NO_LINE
2018,62,Villanova,Michigan,6,False,5.12280701754386,134.22629,,,,,17.0,141.0,NO_LINE,NO_LINE
2019,0,Duke,North Dakota State,1,True,26.857142857142858,156.03294,,,,,23.0,147.0,NO_LINE,NO_LINE
2019,1,VCU,UCF,1,False,0.569230769230769,119.2395,,,,,-15.0,131.0,NO_LINE,NO_LINE
2019,2,Mississippi State,Liberty,1,True,5.155555555555556,144.9308,,,,,-4.0,156.0,NO_LINE,NO_LINE
2019,3,Virginia Tech,Saint Louis,1,True,12.357142857142858,130.05705,,,,,14.0,118.0,NO_LINE,NO_LINE
2019,4,Maryland,Belmont,1,True,2.611111111111111,129.50471,,,,,2.0,156.0,NO_LINE,NO_LINE
2019,5,LSU,Yale,1,True,7.617021276595744,147.2634,,,,,5.0,153.0,NO_LINE,NO_LINE
2019,6,Louisville,Minnesota,1,False,5.518518518518518,142.19962,,,,,-10.0,162.0,NO_LINE,NO_LINE
2019,7,Michigan State,Bradley,1,True,19.11111111111111,141.6023,,,,,11.0,141.0,NO_LINE,NO_LINE
2019,8,Duke,UCF,2,True,7.617021276595744,147.98878,,,,,1.0,153.0,NO_LINE,NO_LINE
2019,9,Virginia Tech,Liberty,2,True,7.617021276595744,135.26271,,,,,9.0,125.0,NO_LINE,NO_LINE
2019,10,LSU,Maryland,2,False,5.518518518518518,155.44624,,,,,2.0,136.0,NO_LINE,NO_LINE
2019,11,Michigan State,Minnesota,2,True,11.421052631578947,133.84207,,,,,20.0,120.0,NO_LINE,NO_LINE
2019,12,Duke,Virginia Tech,3,False,5.518518518518518,145.58592,,,,,2.0,148.0,NO_LINE,NO_LINE
2019,13,Michigan State,LSU,3,False,5.518518518518518,148.39789,,,,,17.0,143.0,NO_LINE,NO_LINE
2019,14,Duke,Michigan State,4,False,-2.761904761904762,133.60246,,,,,-1.0,135.0,NO_LINE,NO_LINE
2019,15,North Carolina,Iona,1,True,24.714285714285715,149.34772,,,,,15.0,161.0,NO_LINE,NO_LINE
2019,16,Utah State,Washington,1,False,0.569230769230769,133.4539,,,,,-17.0,139.0,NO_LINE,NO_LINE
2019,17,Auburn,New Mexico State,1,True,6.705882352941177,147.66325,,,,,1.0,155.0,NO_LINE,NO_LINE
2019,18,Kansas,Northeastern,1,True,10.0,152.12239,,,,,34.0,140.0,NO_LINE,NO_LINE
2019,19,Iowa State,Ohio State,1,True,2.611111111111111,141.03992,,,,,-3.0,121.0,NO_LINE,NO_LINE
2019,20,Houston,Georgia State,1,True,12.357142857142858,127.34714,,,,,29.0,139.0,NO_LINE,NO_LINE
2019,21,Wofford,Seton Hall,1,False,5.518518518518518,132.31425,,,,,16.0,152.0,NO_LINE,NO_LINE
2019,22,Kentucky,Abilene Christian,1,True,15.068965517241379,137.19307,,,,,35.0,123.0,NO_LINE,NO_LINE
2019,23,North Carolina,Washington,2,True,6.705882352941177,152.13602,,,,,22.0,140.0,NO_LINE,NO_LINE
2019,24,Kansas,Auburn,2,False,0.569230769230769,158.28493,,,,,-14.0,164.0,NO_LINE,NO_LINE
2019,25,Houston,Ohio State,2,True,7.617021276595744,127.89533,,,,,15.0,133.0,NO_LINE,NO_LINE
2019,26,Kentucky,Wofford,2,True,6.705882352941177,156.85608,,,,,6.0,118.0,NO_LINE,NO_LINE
2019,27,North Carolina,Auburn,3,False,0.569230769230769,157.12244,,,,,-17.0,177.0,NO_LINE,NO_LINE
2019,28,Kentucky,Houston,3,False,-2.761904761904762,151.02869,,,,,4.0,120.0,NO_LINE,NO_LINE
2019,29,Kentucky,Auburn,4,False,5.518518518518518,152.0619,,,,,-6.0,148.0,NO_LINE,NO_LINE
2019,30,Virginia,Gardner-Webb,1,True,19.11111111111111,117.73892,,,,,15.0,127.0,NO_LINE,NO_LINE
2019,31,Ole Miss,Oklahoma,1,False,-3.761904761904762,133.8752,,,,,-23.0,167.0,NO_LINE,NO_LINE
2019,32,Wisconsin,Oregon,1,True,1.7272727272727275,134.81818,,,,,-18.0,126.0,NO_LINE,NO_LINE
2019,33,Kansas State,UC-Irvine,1,True,5.155555555555556,131.55037,,,,,-6.0,134.0,NO_LINE,NO_LINE
2019,34,Villanova,Saint Mary's,1,True,1.7272727272727275,137.25258,,,,,4.0,118.0,NO_LINE,NO_LINE
2019,35,Purdue,Old Dominion,1,True,15.068965517241379,145.74376,,,,,13.0,109.0,NO_LINE,NO_LINE
2019,36,Cincinnati,Iowa,1,False,13.785714285714286,136.2762,,,,,-7.0,151.0,NO_LINE,NO_LINE
2019,37,Tennessee,Colgate,1,True,15.068965517241379,143.27481,,,,,7.0,147.0,NO_LINE,NO_LINE
2019,38,Virginia,Oklahoma,2,True,7.617021276595744,119.52953,,,,,12.0,114.0,NO_LINE,NO_LINE
2019,39,Oregon,UC-Irvine,2,False,5.518518518518518,128.07793,,,,,19.0,127.0,NO_LINE,NO_LINE
2019,40,Purdue,Villanova,2,False,13.785714285714286,145.7358,,,,,26.0,148.0,NO_LINE,NO_LINE
2019,41,Tennessee,Iowa,2,True,7.617021276595744,145.20903,,,,,6.0,160.0,NO_LINE,NO_LINE
2019,42,Virginia,Oregon,3,True,10.0,120.04589,,,,,4.0,102.0,NO_LINE,NO_LINE
2019,43,Tennessee,Purdue,3,False,-2.761904761904762,152.35136,,,,,-5.0,193.0,NO_LINE,NO_LINE
2019,44,Virginia,Purdue,4,False,0.569230769230769,139.93831,,,,,5.0,155.0,NO_LINE,NO_LINE
2019,45,Gonzaga,FDU,1,True,26.857142857142858,147.81786,,,,,38.0,136.0,NO_LINE,NO_LINE
2019,46,Syracuse,Baylor,1,False,0.569230769230769,132.48854,,,,,-9.0,147.0,NO_LINE,NO_LINE
2019,47,Marquette,Murray State,1,True,1.7272727272727275,148.11804,,,,,-19.0,147.0,NO_LINE,NO_LINE
2019,48,Florida State,Vermont,1,True,7.617021276595744,144.22975,,,,,7.0,145.0,NO_LINE,NO_LINE
2019,49,Buffalo,Arizona State,1,True,4.857142857142857,142.61528,,,,,17.0,165.0,NO_LINE,NO_LINE
2019,50,Texas Tech,Northern Kentucky,1,True,12.357142857142858,127.167885,,,,,15.0,129.0,NO_LINE,NO_LINE
2019,51,Nevada,Florida,1,False,-3.761904761904762,153.6641,,,,,-9.0,131.0,NO_LINE,NO_LINE
2019,52,Michigan,Montana,1,True,15.068965517241379,118.41606,,,,,19.0,129.0,NO_LINE,NO_LINE
2019,53,Gonzaga,Baylor,2,True,7.617021276595744,144.37134,,,,,12.0,154.0,NO_LINE,NO_LINE
2019,54,Florida State,Murray State,2,True,5.155555555555556,141.23082,,,,,28.0,152.0,NO_LINE,NO_LINE
2019,55,Texas Tech,Buffalo,2,False,5.518518518518518,141.58836,,,,,20.0,136.0,NO_LINE,NO_LINE
2019,56,Michigan,Florida,2,True,5.155555555555556,128.58926,,,,,15.0,113.0,NO_LINE,NO_LINE
2019,57,Gonzaga,Florida State,3,False,5.518518518518518,134.34865,,,,,14.0,130.0,NO_LINE,NO_LINE
2019,58,Michigan,Texas Tech,3,False,0.569230769230769,139.97923,,,,,-19.0,107.0,NO_LINE,NO_LINE
2019,59,Gonzaga,Texas Tech,4,False,0.569230769230769,137.53502,,,,,-6.0,144.0,NO_LINE,NO_LINE
2019,60,Michigan State,Texas Tech,5,False,-2.761904761904762,141.31961,,,,,-10.0,112.0,NO_LINE,NO_LINE
2019,61,Virginia,Auburn,5,False,5.518518518518518,132.49994,,,,,1.0,125.0,NO_LINE,NO_LINE
2019,62,Virginia,Texas Tech,6,False,0.569230769230769,129.68797,,,,,8.0,162.0,NO_LINE,NO_LINE
2021,0,Michigan,Texas Southern,1,True,19.666666666666668,149.32881,,,,,16.0,148.0,NO_LINE,NO_LINE
2021,1,LSU,St. Bonaventure,1,False,-0.41025641025641024,144.69688,,,,,15.0,137.0,NO_LINE,NO_LINE
2021,2,Colorado,Georgetown,1,True,6.3108108108108105,146.65756,,,,,23.0,169.0,NO_LINE,NO_LINE
2021,3,Florida State,UNC Greensboro,1,True,12.703703703703704,144.53447,,,,,10.0,118.0,NO_LINE,NO_LINE
2021,4,BYU,UCLA,1,True,1.4347826086956517,133.25359,,,,,-11.0,135.0,NO_LINE,NO_LINE
2021,5,Texas,Abilene Christian,1,True,6.3108108108108105,143.54474,,,,,-1.0,105.0,NO_LINE,NO_LINE
2021,6,Connecticut,Maryland,1,False,0.04545454545454548,136.20155,,,,,-9.0,117.0,NO_LINE,NO_LINE
2021,7,Alabama,Iona,1,True,14.66666666666667,157.56325,,,,,13.0,123.0,NO_LINE,NO_LINE
2021,8,Michigan,LSU,2,True,2.590909090909091,154.24745,,,,,8.0,164.0,NO_LINE,NO_LINE
2021,9,Florida State,Colorado,2,False,-0.41025641025641024,132.39001,,,,,18.0,124.0,NO_LINE,NO_LINE
2021,10,UCLA,Abilene Christian,2,False,9.0,124.3213,,,,,20.0,114.0,NO_LINE,NO_LINE
2021,11,Alabama,Maryland,2,True,6.3108108108108105,139.31041,,,,,19.0,173.0,NO_LINE,NO_LINE
2021,12,Michigan,Florida State,3,False,2.935483870967742,143.73761,,,,,18.0,134.0,NO_LINE,NO_LINE
2021,13,Alabama,UCLA,3,True,6.3108108108108105,138.91295,,,,,-10.0,166.0,NO_LINE,NO_LINE
2021,14,Michigan,UCLA,4,True,6.3108108108108105,135.17331,,,,,-2.0,100.0,NO_LINE,NO_LINE
2021,15,Illinois,Drexel,1,True,14.66666666666667,138.67744,,,,,29.0,127.0,NO_LINE,NO_LINE
2021,16,Loyola Chicago,Georgia Tech,1,False,6.578947368421052,137.1474,,,,,11.0,131.0,NO_LINE,NO_LINE
2021,17,Tennessee,Oregon State,1,True,1.4347826086956517,135.81012,,,,,-14.0,126.0,NO_LINE,NO_LINE
2021,18,Oklahoma State,Liberty,1,True,6.3108108108108105,141.22192,,,,,9.0,129.0,NO_LINE,NO_LINE
2021,19,San Diego State,Syracuse,1,True,1.4347826086956517,137.9715,,,,,-16.0,140.0,NO_LINE,NO_LINE
2021,20,West Virginia,Morehead State,1,True,14.66666666666667,146.58078,,,,,17.0,151.0,NO_LINE,NO_LINE
2021,21,Clemson,Rutgers,1,False,-0.8346913798431194,160.77899,,,,,-4.0,116.0,NO_LINE,NO_LINE
2021,22,Houston,Cleveland State,1,True,18.0,138.85847,,,,,31.0,143.0,NO_LINE,NO_LINE
2021,23,Illinois,Loyola Chicago,2,True,6.3108108108108105,138.45886,,,,,-13.0,129.0,NO_LINE,NO_LINE
2021,24,Oklahoma State,Oregon State,2,True,1.4347826086956517,146.76149,,,,,-10.0,150.0,NO_LINE,NO_LINE
2021,25,West Virginia,Syracuse,2,True,2.590909090909091,154.261,,,,,-3.0,147.0,NO_LINE,NO_LINE
2021,26,Houston,Rutgers,2,True,9.75,132.72273,,,,,3.0,123.0,NO_LINE,NO_LINE
2021,27,Loyola Chicago,Oregon State,3,False,12.0,131.13303,,,,,-7.0,123.0,NO_LINE,NO_LINE
2021,28,Houston,Syracuse,3,True,9.75,144.45616,,,,,16.0,108.0,NO_LINE,NO_LINE
2021,29,Houston,Oregon State,4,True,12.703703703703704,127.35969,,,,,6.0,128.0,NO_LINE,NO_LINE
2021,30,Baylor,Hartford,1,True,22.555555555555557,130.6304,,,,,24.0,134.0,NO_LINE,NO_LINE
2021,31,North Carolina,Wisconsin,1,False,-6.0,133.64201,,,,,-23.0,147.0,NO_LINE,NO_LINE
2021,32,Villanova,Winthrop,1,True,6.3108108108108105,126.506874,,,,,10.0,136.0,NO_LINE,NO_LINE
2021,33,Purdue,North Texas,1,True,5.902439024390244,138.62473,,,,,-9.0,147.0,NO_LINE,NO_LINE
2021,34,Texas Tech,Utah State,1,True,2.590909090909091,131.29886,,,,,12.0,118.0,NO_LINE,NO_LINE
2021,35,Arkansas,Colgate,1,True,2.590909090909091,149.8687,,,,,17.0,153.0,NO_LINE,NO_LINE
2021,36,Florida,Virginia Tech,1,False,-0.41025641025641024,134.4493,,,,,5.0,145.0,NO_LINE,NO_LINE
2021,37,Ohio State,Oral Roberts,1,True,12.703703703703704,139.97906,,,,,-3.0,147.0,NO_LINE,NO_LINE
2021,38,Baylor,Wisconsin,2,True,6.3108108108108105,140.96243,,,,,13.0,139.0,NO_LINE,NO_LINE
2021,39,Villanova,North Texas,2,True,6.3108108108108105,127.1876,,,,,23.0,145.0,NO_LINE,NO_LINE
2021,40,Arkansas,Texas Tech,2,False,-1.4285714285714286,147.99693,,,,,2.0,134.0,NO_LINE,NO_LINE
2021,41,Florida,Oral Roberts,2,True,9.75,129.59778,,,,,-3.0,159.0,NO_LINE,NO_LINE
2021,42,Baylor,Villanova,3,False,9.0,141.24986,,,,,11.0,113.0,NO_LINE,NO_LINE
2021,43,Arkansas,Oral Roberts,3,True,12.703703703703704,158.61932,,,,,2.0,142.0,NO_LINE,NO_LINE
2021,44,Baylor,Arkansas,4,False,6.578947368421052,131.38976,,,,,9.0,153.0,NO_LINE,NO_LINE
2021,45,Gonzaga,Norfolk State,1,True,22.555555555555557,137.88504,,,,,43.0,153.0,NO_LINE,NO_LINE
2021,46,Oklahoma,Missouri,1,False,-1.4285714285714286,151.31824,,,,,4.0,140.0,NO_LINE,NO_LINE
2021,47,Creighton,UCSB,1,True,2.590909090909091,136.40262,,,,,1.0,125.0,NO_LINE,NO_LINE
2021,48,Virginia,Ohio,1,True,1.4347826086956517,143.41957,,,,,-4.0,120.0,NO_LINE,NO_LINE
2021,49,USC,Drake,1,True,6.3108108108108105,141.62541,,,,,16.0,128.0,NO_LINE,NO_LINE
2021,50,Kansas,Eastern Washington,1,True,5.902439024390244,147.7944,,,,,9.0,177.0,NO_LINE,NO_LINE
2021,51,Iowa,Grand Canyon,1,True,12.703703703703704,135.17377,,,,,12.0,160.0,NO_LINE,NO_LINE
2021,52,Gonzaga,Oklahoma,2,True,9.75,145.19145,,,,,16.0,158.0,NO_LINE,NO_LINE
2021,53,Creighton,Ohio,2,True,5.902439024390244,144.794,,,,,14.0,130.0,NO_LINE,NO_LINE
2021,54,Kansas,USC,2,False,-4.9,136.05751,,,,,-34.0,136.0,NO_LINE,NO_LINE
2021,55,Iowa,Oregon,2,True,5.902439024390244,139.7265,,,,,-15.0,175.0,NO_LINE,NO_LINE
2021,56,Gonzaga,Creighton,3,False,12.0,142.27048,,,,,18.0,148.0,NO_LINE,NO_LINE
2021,57,USC,Oregon,3,False,6.578947368421052,137.52621,,,,,14.0,150.0,NO_LINE,NO_LINE
2021,58,Gonzaga,USC,4,True,6.3108108108108105,134.73798,,,,,19.0,151.0,NO_LINE,NO_LINE
2021,59,Gonzaga,UCLA,5,True,12.703703703703704,136.30571,,,,,3.0,183.0,NO_LINE,NO_LINE
2021,60,Baylor,Houston,5,False,3.8636363636363638,141.54689,,,,,19.0,137.0,NO_LINE,NO_LINE
2021,61,Gonzaga,Baylor,6,False,2.935483870967742,154.48296,,,,,-16.0,156.0,NO_LINE,NO_LINE
2022,0,Baylor,Norfolk State,1,True,18.333333333333332,139.16165,,,,,36.0,134.0,NO_LINE,NO_LINE
2022,1,North Carolina,Marquette,1,False,7.580645161290322,150.5877,,,,,32.0,158.0,NO_LINE,NO_LINE
2022,2,Saint Mary's,Indiana,1,True,0.33898305084745767,136.11891,,,,,29.0,135.0,NO_LINE,NO_LINE
2022,3,UCLA,Akron,1,True,14.0,139.45909,,,,,4.0,110.0,NO_LINE,NO_LINE
2022,4,Texas,Virginia Tech,1,True,0.33898305084745767,135.0669,,,,,8.0,154.0,NO_LINE,NO_LINE
2022,5,Purdue,Yale,1,True,15.14285714285714,136.15102,,,,,22.0,134.0,NO_LINE,NO_LINE
2022,6,Murray State,San Francisco,1,False,-3.5714285714285716,130.27373,,,,,5.0,179.0,NO_LINE,NO_LINE
2022,7,Kentucky,Saint Peter's,1,True,10.515151515151516,134.8822,,,,,-6.0,164.0,NO_LINE,NO_LINE
2022,8,Baylor,North Carolina,2,True,7.703125,133.43977,,,,,-7.0,179.0,NO_LINE,NO_LINE
2022,9,UCLA,Saint Mary's,2,False,6.837837837837838,129.66264,,,,,16.0,128.0,NO_LINE,NO_LINE
2022,10,Purdue,Texas,2,False,0.495049504950495,136.95067,,,,,10.0,152.0,NO_LINE,NO_LINE
2022,11,Murray State,Saint Peter's,2,True,5.533333333333333,132.70534,,,,,-10.0,130.0,NO_LINE,NO_LINE
2022,12,UCLA,North Carolina,3,False,0.495049504950495,133.06927,,,,,-7.0,139.0,NO_LINE,NO_LINE
2022,13,Purdue,Saint Peter's,3,True,13.6,117.108795,,,,,-3.0,131.0,NO_LINE,NO_LINE
2022,14,North Carolina,Saint Peter's,4,True,10.515151515151516,132.49504,,,,,20.0,118.0,NO_LINE,NO_LINE
2022,15,Kansas,Texas Southern,1,True,20.5,136.37054,,,,,27.0,139.0,NO_LINE,NO_LINE
2022,16,San Diego State,Creighton,1,False,0.495049504950495,135.44048,,,,,-3.0,141.0,NO_LINE,NO_LINE
2022,17,Iowa,Richmond,1,True,10.515151515151516,139.02762,,,,,-4.0,130.0,NO_LINE,NO_LINE
2022,18,Providence,South Dakota State,1,True,3.634588838376914,150.55367,,,,,9.0,123.0,NO_LINE,NO_LINE
2022,19,LSU,Iowa State,1,True,0.33898305084745767,138.72144,,,,,-5.0,113.0,NO_LINE,NO_LINE
2022,20,Wisconsin,Colgate,1,True,7.703125,150.05617,,,,,7.0,127.0,NO_LINE,NO_LINE
2022,21,USC,Miami FL,1,False,0.495049504950495,140.11955,,,,,-2.0,134.0,NO_LINE,NO_LINE
2022,22,Auburn,Jacksonville State,1,True,15.14285714285714,159.33063,,,,,19.0,141.0,NO_LINE,NO_LINE
2022,23,Kansas,Creighton,2,True,10.515151515151516,139.82655,,,,,7.0,151.0,NO_LINE,NO_LINE
2022,24,Providence,Richmond,2,True,6.333333333333333,136.1798,,,,,28.0,130.0,NO_LINE,NO_LINE
2022,25,Wisconsin,Iowa State,2,True,0.33898305084745767,137.05093,,,,,-5.0,103.0,NO_LINE,NO_LINE
2022,26,Auburn,Miami FL,2,True,4.761904761904762,143.0481,,,,,-18.0,140.0,NO_LINE,NO_LINE
2022,27,Kansas,Providence,3,False,6.837837837837838,147.00203,,,,,5.0,127.0,NO_LINE,NO_LINE
2022,28,Miami FL,Iowa State,3,False,-3.5,117.376724,,,,,14.0,126.0,NO_LINE,NO_LINE
2022,29,Kansas,Miami FL,4,True,10.515151515151516,137.61621,,,,,26.0,126.0,NO_LINE,NO_LINE
2022,30,Arizona,Wright State,1,True,18.333333333333332,144.37936,,,,,17.0,157.0,NO_LINE,NO_LINE
2022,31,Seton Hall,TCU,1,False,-6.454545454545454,132.1344,,,,,-27.0,111.0,NO_LINE,NO_LINE
2022,32,Houston,UAB,1,True,7.703125,128.68967,,,,,14.0,150.0,NO_LINE,NO_LINE
2022,33,Illinois,Chattanooga,1,True,4.761904761904762,137.402,,,,,1.0,107.0,NO_LINE,NO_LINE
2022,34,Colorado State,Michigan,1,True,0.33898305084745767,148.11139,,,,,-12.0,138.0,NO_LINE,NO_LINE
2022,35,Tennessee,Longwood,1,True,15.14285714285714,142.47336,,,,,32.0,144.0,NO_LINE,NO_LINE
2022,36,Ohio State,Loyola Chicago,1,False,0.495049504950495,133.9734,,,,,13.0,95.0,NO_LINE,NO_LINE
2022,37,Villanova,Delaware,1,True,14.0,148.00436,,,,,20.0,140.0,NO_LINE,NO_LINE
2022,38,Arizona,TCU,2,True,6.0,137.51654,,,,,5.0,165.0,NO_LINE,NO_LINE
2022,39,Illinois,Houston,2,False,-3.5714285714285716,138.27742,,,,,-15.0,121.0,NO_LINE,NO_LINE
2022,40,Tennessee,Michigan,2,True,6.333333333333333,139.39317,,,,,-8.0,144.0,NO_LINE,NO_LINE
2022,41,Villanova,Ohio State,2,True,5.533333333333333,140.80563,,,,,10.0,132.0,NO_LINE,NO_LINE
2022,42,Arizona,Houston,3,False,-6.454545454545454,138.46829,,,,,-12.0,132.0,NO_LINE,NO_LINE
2022,43,Villanova,Michigan,3,True,6.0,135.38934,,,,,8.0,118.0,NO_LINE,NO_LINE
2022,44,Villanova,Houston,4,False,-3.5714285714285716,132.56116,,,,,6.0,94.0,NO_LINE,NO_LINE
2022,45,Gonzaga,Georgia State,1,True,15.0,140.36128,,,,,21.0,165.0,NO_LINE,NO_LINE
2022,46,Boise State,Memphis,1,False,-3.5714285714285716,135.90344,,,,,-11.0,117.0,NO_LINE,NO_LINE
2022,47,Connecticut,New Mexico State,1,True,3.9,151.00299,,,,,-7.0,133.0,NO_LINE,NO_LINE
2022,48,Arkansas,Vermont,1,True,4.761904761904762,137.23181,,,,,4.0,146.0,NO_LINE,NO_LINE
2022,49,Alabama,Notre Dame,1,True,0.33898305084745767,143.28058,,,,,-14.0,142.0,NO_LINE,NO_LINE
2022,50,Texas Tech,Montana State,1,True,15.14285714285714,137.22713,,,,,35.0,159.0,NO_LINE,NO_LINE
2022,51,Michigan State,Davidson,1,False,0.495049504950495,141.68147,,,,,1.0,147.0,NO_LINE,NO_LINE
2022,52,Duke,Cal State Fullerton,1,True,15.14285714285714,137.6523,,,,,17.0,139.0,NO_LINE,NO_LINE
2022,53,Gonzaga,Memphis,2,True,5.533333333333333,141.9444,,,,,4.0,160.0,NO_LINE,NO_LINE
2022,54,Arkansas,New Mexico State,2,True,4.761904761904762,144.38008,,,,,5.0,101.0,NO_LINE,NO_LINE
2022,55,Texas Tech,Notre Dame,2,True,7.703125,138.81683,,,,,6.0,112.0,NO_LINE,NO_LINE
2022,56,Duke,Michigan State,2,True,7.703125,136.08585,,,,,9.0,161.0,NO_LINE,NO_LINE
2022,57,Gonzaga,Arkansas,3,False,7.580645161290322,144.12267,,,,,-6.0,142.0,NO_LINE,NO_LINE
2022,58,Duke,Texas Tech,3,False,6.837837837837838,140.09721,,,,,5.0,151.0,NO_LINE,NO_LINE
2022,59,Duke,Arkansas,4,False,7.580645161290322,135.99559,,,,,9.0,147.0,NO_LINE,NO_LINE
2022,60,Duke,North Carolina,5,True,7.703125,130.31987,,,,,-4.0,158.0,NO_LINE,NO_LINE
2022,61,Kansas,Villanova,5,False,0.495049504950495,139.09099,,,,,16.0,146.0,NO_LINE,NO_LINE
2022,62,Kansas,North Carolina,6,True,12.6,131.10704,,,,,3.0,141.0,NO_LINE,NO_LINE
2023,0,Purdue,FDU,1,True,28.3,142.43593,,,,,-5.0,121.0,NO_LINE,NO_LINE
2023,1,Memphis,Florida Atlantic,1,False,1.1282051282051282,140.18622,,,,,-1.0,131.0,NO_LINE,NO_LINE
2023,2,Duke,Oral Roberts,1,True,6.346938775510204,142.69525,,,,,23.0,125.0,NO_LINE,NO_LINE
2023,3,Tennessee,Louisiana Lafayette,1,True,11.4,136.29594,,,,,3.0,113.0,NO_LINE,NO_LINE
2023,4,Kentucky,Providence,1,True,0.5873015873015874,138.21812,,,,,8.0,114.0,NO_LINE,NO_LINE
2023,5,Kansas State,Montana State,1,True,4.861111111111111,136.12595,,,,,12.0,142.0,NO_LINE,NO_LINE
2023,6,Michigan State,USC,1,False,2.6666666666666665,136.93044,,,,,10.0,134.0,NO_LINE,NO_LINE
2023,7,Marquette,Vermont,1,True,7.471698113207547,150.83965,,,,,17.0,139.0,NO_LINE,NO_LINE
2023,8,Florida Atlantic,FDU,2,True,26.666666666666668,126.96474,,,,,8.0,148.0,NO_LINE,NO_LINE
2023,9,Tennessee,Duke,2,False,7.708333333333333,131.39796,,,,,13.0,117.0,NO_LINE,NO_LINE
2023,10,Kansas State,Kentucky,2,False,1.1282051282051282,130.89462,,,,,6.0,144.0,NO_LINE,NO_LINE
2023,11,Marquette,Michigan State,2,True,0.6375854597250992,142.62373,,,,,-9.0,129.0,NO_LINE,NO_LINE
2023,12,Tennessee,Florida Atlantic,3,True,6.346938775510204,127.20084,,,,,-7.0,117.0,NO_LINE,NO_LINE
2023,13,Kansas State,Michigan State,3,False,-2.707317073170732,133.93448,,,,,5.0,191.0,NO_LINE,NO_LINE
2023,14,Kansas State,Florida Atlantic,4,True,0.5873015873015874,124.65021,,,,,-3.0,155.0,NO_LINE,NO_LINE
2023,15,Houston,Northern Kentucky,1,True,18.6,130.1704,,,,,11.0,115.0,NO_LINE,NO_LINE
2023,16,Iowa,Auburn,1,False,-2.707317073170732,130.84636,,,,,-8.0,158.0,NO_LINE,NO_LINE
2023,17,Miami FL,Drake,1,True,0.5873015873015874,145.6652,,,,,7.0,119.0,NO_LINE,NO_LINE
2023,18,Indiana,Kent State,1,True,0.5873015873015874,133.11469,,,,,11.0,131.0,NO_LINE,NO_LINE
2023,19,Iowa State,Pittsburgh,1,True,0.5873015873015874,146.13708,,,,,-18.0,100.0,NO_LINE,NO_LINE
2023,20,Xavier,Kennesaw State,1,True,7.405174280360086,138.33334,,,,,5.0,139.0,NO_LINE,NO_LINE
2023,21,Texas A&M,Penn State,1,False,2.6666666666666665,138.0098,,,,,-17.0,135.0,NO_LINE,NO_LINE
2023,22,Texas,Colgate,1,True,11.4,140.63364,,,,,20.0,142.0,NO_LINE,NO_LINE
2023,23,Houston,Auburn,2,True,4.861111111111111,128.67407,,,,,17.0,145.0,NO_LINE,NO_LINE
2023,24,Indiana,Miami FL,2,False,1.1282051282051282,143.75284,,,,,-16.0,154.0,NO_LINE,NO_LINE
2023,25,Xavier,Pittsburgh,2,True,4.257142857142857,148.32729,,,,,11.0,157.0,NO_LINE,NO_LINE
2023,26,Texas,Penn State,2,True,4.861111111111111,139.47552,,,,,5.0,137.0,NO_LINE,NO_LINE
2023,27,Houston,Miami FL,3,False,7.619047619047619,130.9061,,,,,-14.0,164.0,NO_LINE,NO_LINE
2023,28,Texas,Xavier,3,False,7.708333333333333,145.46526,,,,,12.0,154.0,NO_LINE,NO_LINE
2023,29,Texas,Miami FL,4,False,9.307692307692308,150.99966,,,,,-7.0,169.0,NO_LINE,NO_LINE
2023,30,Maryland,West Virginia,1,False,-2.707317073170732,124.81061,,,,,2.0,132.0,NO_LINE,NO_LINE
2023,31,San Diego State,College of Charleston,1,True,6.346938775510204,136.87756,,,,,6.0,120.0,NO_LINE,NO_LINE
2023,32,Virginia,Furman,1,True,4.257142857142857,136.00186,,,,,-1.0,135.0,NO_LINE,NO_LINE
2023,33,Creighton,North Carolina State,1,True,0.5873015873015874,141.89844,,,,,9.0,135.0,NO_LINE,NO_LINE
2023,34,Baylor,UCSB,1,True,11.4,130.61052,,,,,18.0,130.0,NO_LINE,NO_LINE
2023,35,Missouri,Utah State,1,False,-6.666666666666667,146.9104,,,,,11.0,141.0,NO_LINE,NO_LINE
2023,36,Arizona,Princeton,1,True,11.166666666666666,147.36368,,,,,-4.0,114.0,NO_LINE,NO_LINE
2023,37,Alabama,Maryland,2,True,7.471698113207547,147.2853,,,,,22.0,124.0,NO_LINE,NO_LINE
2023,38,San Diego State,Furman,2,True,11.4,136.68567,,,,,23.0,127.0,NO_LINE,NO_LINE
2023,39,Baylor,Creighton,2,False,4.842105263157895,133.46992,,,,,-9.0,161.0,NO_LINE,NO_LINE
2023,40,Missouri,Princeton,2,True,0.5873015873015874,139.79172,,,,,-15.0,141.0,NO_LINE,NO_LINE
2023,41,Alabama,San Diego State,3,False,2.3389830508474576,140.58163,,,,,-7.0,135.0,NO_LINE,NO_LINE
2023,42,Creighton,Princeton,3,True,7.471698113207547,145.57236,,,,,11.0,161.0,NO_LINE,NO_LINE
2023,43,San Diego State,Creighton,4,False,4.842105263157895,124.9385,,,,,1.0,113.0,NO_LINE,NO_LINE
2023,44,Kansas,Howard,1,True,18.6,148.25162,,,,,28.0,164.0,NO_LINE,NO_LINE
2023,45,Arkansas,Illinois,1,False,7.708333333333333,142.93333,,,,,10.0,136.0,NO_LINE,NO_LINE
2023,46,Saint Mary's,VCU,1,True,4.155950414827467,132.93019,,,,,12.0,114.0,NO_LINE,NO_LINE
2023,47,Connecticut,Iona,1,True,11.4,126.4653,,,,,24.0,150.0,NO_LINE,NO_LINE
2023,48,TCU,Arizona State,1,True,0.5873015873015874,141.48708,,,,,2.0,142.0,NO_LINE,NO_LINE
2023,49,Gonzaga,Grand Canyon,1,True,11.166666666666666,156.43199,,,,,12.0,152.0,NO_LINE,NO_LINE
2023,50,Northwestern,Boise State,1,False,2.3389830508474576,126.078125,,,,,8.0,142.0,NO_LINE,NO_LINE
2023,51,UCLA,UNC Asheville,1,True,18.6,144.6614,,,,,33.0,139.0,NO_LINE,NO_LINE
2023,52,Kansas,Arkansas,2,True,0.5873015873015874,138.20917,,,,,-1.0,143.0,NO_LINE,NO_LINE
2023,53,Connecticut,Saint Mary's,2,False,10.7,132.33952,,,,,15.0,125.0,NO_LINE,NO_LINE
2023,54,Gonzaga,TCU,2,False,7.708333333333333,139.47264,,,,,3.0,165.0,NO_LINE,NO_LINE
2023,55,UCLA,Northwestern,2,True,6.346938775510204,138.44312,,,,,5.0,131.0,NO_LINE,NO_LINE
2023,56,Connecticut,Arkansas,3,False,10.7,133.22278,,,,,23.0,153.0,NO_LINE,NO_LINE
2023,57,UCLA,Gonzaga,3,False,2.3389830508474576,140.78996,,,,,-3.0,155.0,NO_LINE,NO_LINE
2023,58,Gonzaga,Connecticut,4,False,-2.984077510789145,134.82382,,,,,-28.0,136.0,NO_LINE,NO_LINE
2023,59,San Diego State,Florida Atlantic,5,False,7.619047619047619,127.861725,,,,,1.0,143.0,NO_LINE,NO_LINE
2023,60,Connecticut,Miami FL,5,False,10.7,143.89558,,,,,13.0,131.0,NO_LINE,NO_LINE
2023,61,Connecticut,San Diego State,6,False,7.708333333333333,123.18829,,,,,17.0,135.0,NO_LINE,NO_LINE
2024,0,Connecticut,Stetson,1,True,24.36,143.56277,,,,,39.0,143.0,NO_LINE,NO_LINE
2024,1,Florida Atlantic,Northwestern,1,False,-7.9,134.55226,,,,,-12.0,142.0,NO_LINE,NO_LINE
2024,2,San Diego State,UAB,1,True,6.890909090909091,128.32294,,,,,4.0,134.0,NO_LINE,NO_LINE
2024,3,Auburn,Yale,1,True,12.537037037037036,137.96252,,,,,-2.0,154.0,NO_LINE,NO_LINE
2024,4,BYU,Duquesne,1,True,3.5970149253731343,132.61682,,,,,-4.0,138.0,NO_LINE,NO_LINE
2024,5,Illinois,Morehead State,1,True,14.717948717948717,139.80693,,,,,16.0,154.0,NO_LINE,NO_LINE
2024,6,Washington State,Drake,1,False,-0.525,132.2262,,,,,5.0,127.0,NO_LINE,NO_LINE
2024,7,Iowa State,South Dakota State,1,True,14.717948717948717,143.555,,,,,17.0,147.0,NO_LINE,NO_LINE
2024,8,Connecticut,Northwestern,2,True,12.537037037037036,132.23515,,,,,17.0,133.0,NO_LINE,NO_LINE
2024,9,San Diego State,Yale,2,True,6.890909090909091,129.23572,,,,,28.0,142.0,NO_LINE,NO_LINE
2024,10,Illinois,Duquesne,2,True,7.53030303030303,127.93712,,,,,26.0,152.0,NO_LINE,NO_LINE
2024,11,Iowa State,Washington State,2,True,6.890909090909091,138.91754,,,,,11.0,123.0,NO_LINE,NO_LINE
2024,12,Connecticut,San Diego State,3,False,9.314814814814813,132.00093,,,,,30.0,134.0,NO_LINE,NO_LINE
2024,13,Iowa State,Illinois,3,False,-0.525,153.93034,,,,,-3.0,141.0,NO_LINE,NO_LINE
2024,14,Connecticut,Illinois,4,False,9.314814814814813,137.48532,,,,,25.0,129.0,NO_LINE,NO_LINE
2024,15,Utah State,TCU,1,False,-1.3157894736842106,149.04283,,,,,16.0,160.0,NO_LINE,NO_LINE
2024,16,Gonzaga,McNeese State,1,True,7.285714285714286,134.21277,,,,,21.0,151.0,NO_LINE,NO_LINE
2024,17,Kansas,Samford,1,True,3.5970149253731343,145.30159,,,,,4.0,182.0,NO_LINE,NO_LINE
2024,18,South Carolina,Oregon,1,True,-0.13432835820895522,134.87599,,,,,-14.0,160.0,NO_LINE,NO_LINE
2024,19,Creighton,Akron,1,True,14.717948717948717,131.94579,,,,,17.0,137.0,NO_LINE,NO_LINE
2024,20,Texas,Colorado State,1,False,6.454545454545454,134.6781,,,,,12.0,100.0,NO_LINE,NO_LINE
2024,21,Tennessee,Saint Peter's,1,True,20.12121212121212,125.34968,,,,,34.0,132.0,NO_LINE,NO_LINE
2024,22,Purdue,Utah State,2,True,12.537037037037036,134.88824,,,,,39.0,173.0,NO_LINE,NO_LINE
2024,23,Kansas,Gonzaga,2,False,-1.3157894736842106,143.69638,,,,,-21.0,157.0,NO_LINE,NO_LINE
2024,24,Creighton,Oregon,2,True,3.5970149253731343,137.70958,,,,,13.0,159.0,NO_LINE,NO_LINE
2024,25,Tennessee,Texas,2,True,3.5970149253731343,152.21762,,,,,4.0,120.0,NO_LINE,NO_LINE
2024,26,Purdue,Gonzaga,3,False,9.314814814814813,126.96533,,,,,12.0,148.0,NO_LINE,NO_LINE
2024,27,Tennessee,Creighton,3,False,-0.525,136.4213,,,,,7.0,157.0,NO_LINE,NO_LINE
2024,28,Purdue,Tennessee,4,False,1.8222222222222222,132.3693,,,,,6.0,138.0,NO_LINE,NO_LINE
2024,29,Houston,Longwood,1,True,24.36,137.27727,,,,,40.0,132.0,NO_LINE,NO_LINE
2024,30,Nebraska,Texas A&M,1,False,-0.525,143.47339,,,,,-15.0,181.0,NO_LINE,NO_LINE
2024,31,Wisconsin,James Madison,1,True,-0.13432835820895522,149.14287,,,,,-11.0,133.0,NO_LINE,NO_LINE
2024,32,Duke,Vermont,1,True,14.717948717948717,132.32468,,,,,17.0,111.0,NO_LINE,NO_LINE
2024,33,Texas Tech,North Carolina State,1,True,-0.13432835820895522,131.26779,,,,,-13.0,147.0,NO_LINE,NO_LINE
2024,34,Kentucky,Oakland,1,True,7.53030303030303,144.25371,,,,,-4.0,156.0,NO_LINE,NO_LINE
2024,35,Florida,Colorado,1,False,-1.3157894736842106,133.931,,,,,-2.0,202.0,NO_LINE,NO_LINE
2024,36,Marquette,Western Kentucky,1,True,12.537037037037036,144.34985,,,,,18.0,156.0,NO_LINE,NO_LINE
2024,37,Houston,Texas A&M,2,True,7.53030303030303,135.25763,,,,,5.0,195.0,NO_LINE,NO_LINE
2024,38,Duke,James Madison,2,True,7.53030303030303,133.37552,,,,,38.0,148.0,NO_LINE,NO_LINE
2024,39,North Carolina State,Oakland,2,False,9.314814814814813,147.42805,,,,,6.0,152.0,NO_LINE,NO_LINE
2024,40,Marquette,Colorado,2,True,3.230769230769231,151.01186,,,,,4.0,158.0,NO_LINE,NO_LINE
2024,41,Houston,Duke,3,False,1.8222222222222222,145.2951,,,,,-3.0,105.0,NO_LINE,NO_LINE
2024,42,Marquette,North Carolina State,3,True,3.5970149253731343,160.1327,,,,,-9.0,125.0,NO_LINE,NO_LINE
2024,43,Duke,North Carolina State,4,True,6.890909090909091,133.7465,,,,,-12.0,140.0,NO_LINE,NO_LINE
2024,44,North Carolina,Wagner,1,True,24.36,145.47134,,,,,28.0,152.0,NO_LINE,NO_LINE
2024,45,Mississippi State,Michigan State,1,False,-9.097624288159873,136.30553,,,,,-18.0,120.0,NO_LINE,NO_LINE
2024,46,Saint Mary's,Grand Canyon,1,True,3.5970149253731343,128.80128,,,,,-9.0,141.0,NO_LINE,NO_LINE
2024,47,Alabama,College of Charleston,1,True,7.53030303030303,141.98265,,,,,13.0,205.0,NO_LINE,NO_LINE
2024,48,Clemson,New Mexico,1,True,-0.13432835820895522,134.82893,,,,,21.0,133.0,NO_LINE,NO_LINE
2024,49,Baylor,Colgate,1,True,16.333333333333332,140.98544,,,,,25.0,159.0,NO_LINE,NO_LINE
2024,50,Dayton,Nevada,1,False,2.8333333333333335,140.57272,,,,,3.0,123.0,NO_LINE,NO_LINE
2024,51,Arizona,Long Beach State,1,True,20.12121212121212,138.6715,,,,,20.0,150.0,NO_LINE,NO_LINE
2024,52,North Carolina,Michigan State,2,True,3.5970149253731343,142.3304,,,,,16.0,154.0,NO_LINE,NO_LINE
2024,53,Alabama,Grand Canyon,2,True,5.719950211172382,140.35931,,,,,11.0,133.0,NO_LINE,NO_LINE
2024,54,Baylor,Clemson,2,False,2.8333333333333335,132.36156,,,,,-8.0,136.0,NO_LINE,NO_LINE
2024,55,Arizona,Dayton,2,True,7.53030303030303,140.49532,,,,,10.0,146.0,NO_LINE,NO_LINE
2024,56,North Carolina,Alabama,3,False,1.8222222222222222,164.37779,,,,,-2.0,176.0,NO_LINE,NO_LINE
2024,57,Arizona,Clemson,3,False,9.314814814814813,145.64322,,,,,-5.0,149.0,NO_LINE,NO_LINE
2024,58,Alabama,Clemson,4,False,1.8222222222222222,139.39668,,,,,7.0,171.0,NO_LINE,NO_LINE
2024,59,Connecticut,Alabama,5,False,9.314814814814813,134.41318,,,,,14.0,158.0,NO_LINE,NO_LINE
2024,60,Purdue,North Carolina State,5,True,12.537037037037036,130.66426,,,,,13.0,113.0,NO_LINE,NO_LINE
2024,61,Connecticut,Purdue,6,False,1.8222222222222222,130.6474,,,,,15.0,135.0,NO_LINE,NO_LINE
2025,0,Duke,Mount St. Mary's,1,True,27.714285714285715,139.90755,,,,,44.0,142.0,NO_LINE,NO_LINE
2025,1,Mississippi State,Baylor,1,False,1.3164556962025318,144.80438,,,,,-3.0,147.0,NO_LINE,NO_LINE
2025,2,Oregon,Liberty,1,True,4.8,134.93538,,,,,29.0,133.0,NO_LINE,NO_LINE
2025,3,Arizona,Akron,1,True,14.424242424242424,149.09581,,,,,28.0,158.0,NO_LINE,NO_LINE
2025,4,BYU,VCU,1,True,2.090909090909091,144.76556,,,,,9.0,151.0,NO_LINE,NO_LINE
2025,5,Wisconsin,Montana,1,True,18.5,147.17172,,,,,19.0,151.0,NO_LINE,NO_LINE
2025,6,Saint Mary's,Vanderbilt,1,False,3.4074074074074074,122.580215,,,,,3.0,115.0,NO_LINE,NO_LINE
2025,7,Alabama,Robert Morris,1,True,18.935163412144984,148.8002,,,,,9.0,171.0,NO_LINE,NO_LINE
2025,8,Duke,Baylor,2,True,12.25925925925926,146.10019,,,,,23.0,155.0,NO_LINE,NO_LINE
2025,9,Arizona,Oregon,2,False,6.941176470588236,140.32832,,,,,4.0,170.0,NO_LINE,NO_LINE
2025,10,Wisconsin,BYU,2,False,-1.5,153.88388,,,,,-2.0,180.0,NO_LINE,NO_LINE
2025,11,Alabama,Saint Mary's,2,True,9.76,160.14523,,,,,14.0,146.0,NO_LINE,NO_LINE
2025,12,Duke,Arizona,3,False,8.885714285714286,150.3475,,,,,7.0,193.0,NO_LINE,NO_LINE
2025,13,Alabama,BYU,3,False,1.3164556962025318,153.74384,,,,,25.0,201.0,NO_LINE,NO_LINE
2025,14,Duke,Alabama,4,False,1.3164556962025318,139.44174,,,,,20.0,150.0,NO_LINE,NO_LINE
2025,15,Houston,SIU-Edwardsville,1,True,27.714285714285715,140.34943,,,,,38.0,118.0,NO_LINE,NO_LINE
2025,16,Gonzaga,Georgia,1,False,8.885714285714286,138.60115,,,,,21.0,157.0,NO_LINE,NO_LINE
2025,17,Clemson,McNeese State,1,True,2.090909090909091,127.435165,,,,,-2.0,136.0,NO_LINE,NO_LINE
2025,18,Purdue,High Point,1,True,9.76,137.3537,,,,,12.0,138.0,NO_LINE,NO_LINE
2025,19,Illinois,Xavier,1,True,6.0,149.51523,,,,,13.0,159.0,NO_LINE,NO_LINE
2025,20,Kentucky,Troy,1,True,12.25925925925926,125.20548,,,,,19.0,133.0,NO_LINE,NO_LINE
2025,21,UCLA,Utah State,1,False,9.5,140.37732,,,,,25.0,119.0,NO_LINE,NO_LINE
2025,22,Tennessee,Wofford,1,True,18.76,127.973015,,,,,15.0,139.0,NO_LINE,NO_LINE
2025,23,Houston,Gonzaga,2,True,12.25925925925926,134.88174,,,,,5.0,157.0,NO_LINE,NO_LINE
2025,24,Purdue,McNeese State,2,True,6.529411764705882,135.24292,,,,,14.0,138.0,NO_LINE,NO_LINE
2025,25,Kentucky,Illinois,2,False,3.4074074074074074,140.67224,,,,,9.0,159.0,NO_LINE,NO_LINE
2025,26,Tennessee,UCLA,2,True,8.375000000000002,132.53883,,,,,9.0,125.0,NO_LINE,NO_LINE
2025,27,Houston,Purdue,3,False,1.3164556962025318,136.5653,,,,,2.0,122.0,NO_LINE,NO_LINE
2025,28,Tennessee,Kentucky,3,False,-2.5833333333333335,134.41513,,,,,13.0,143.0,NO_LINE,NO_LINE
2025,29,Houston,Tennessee,4,False,7.625,137.84428,,,,,19.0,119.0,NO_LINE,NO_LINE
2025,30,Auburn,Alabama State,1,True,27.714285714285715,142.97586,,,,,20.0,146.0,NO_LINE,NO_LINE
2025,31,Louisville,Creighton,1,False,-4.25,141.44011,,,,,-14.0,164.0,NO_LINE,NO_LINE
2025,32,Michigan,UC-San Diego,1,True,4.8,141.8672,,,,,3.0,133.0,NO_LINE,NO_LINE
2025,33,Texas A&M,Yale,1,True,8.375000000000002,147.43845,,,,,9.0,151.0,NO_LINE,NO_LINE
2025,34,Ole Miss,North Carolina,1,True,0.7573061692932372,151.13303,,,,,7.0,135.0,NO_LINE,NO_LINE
2025,35,Iowa State,Lipscomb,1,True,14.424242424242424,153.00764,,,,,27.0,137.0,NO_LINE,NO_LINE
2025,36,Marquette,New Mexico,1,False,6.941176470588236,140.42336,,,,,-9.0,141.0,NO_LINE,NO_LINE
2025,37,Michigan State,Bryant,1,True,18.76,125.65549,,,,,25.0,149.0,NO_LINE,NO_LINE
2025,38,Auburn,Creighton,2,True,12.25925925925926,133.7826,,,,,12.0,152.0,NO_LINE,NO_LINE
2025,39,Texas A&M,Michigan,2,False,-5.666666666666667,129.74011,,,,,-12.0,170.0,NO_LINE,NO_LINE
2025,40,Iowa State,Ole Miss,2,False,8.885714285714286,157.17062,,,,,-13.0,169.0,NO_LINE,NO_LINE
2025,41,Michigan State,New Mexico,2,True,6.529411764705882,127.33006,,,,,8.0,134.0,NO_LINE,NO_LINE
2025,42,Auburn,Michigan,3,False,12.7,138.45558,,,,,13.0,143.0,NO_LINE,NO_LINE
2025,43,Michigan State,Ole Miss,3,False,-4.25,140.44826,,,,,3.0,143.0,NO_LINE,NO_LINE
2025,44,Auburn,Michigan State,4,False,8.885714285714286,147.23344,,,,,6.0,134.0,NO_LINE,NO_LINE
2025,45,Florida,Norfolk State,1,True,27.714285714285715,146.16385,,,,,26.0,164.0,NO_LINE,NO_LINE
2025,46,Connecticut,Oklahoma,1,False,6.941176470588236,140.2408,,,,,8.0,126.0,NO_LINE,NO_LINE
2025,47,Memphis,Colorado State,1,True,-1.442622950819672,133.34415,,,,,-8.0,148.0,NO_LINE,NO_LINE
2025,48,Maryland,Grand Canyon,1,True,12.25925925925926,143.20465,,,,,32.0,130.0,NO_LINE,NO_LINE
2025,49,Missouri,Drake,1,True,6.529411764705882,138.93677,,,,,-10.0,124.0,NO_LINE,NO_LINE
2025,50,Texas Tech,UNC Wilmington,1,True,14.424242424242424,142.10332,,,,,10.0,154.0,NO_LINE,NO_LINE
2025,51,Kansas,Arkansas,1,False,7.625,138.78629,,,,,-7.0,151.0,NO_LINE,NO_LINE
2025,52,St. John's (NY),Nebraska-Omaha,1,True,14.424242424242424,143.84013,,,,,30.0,136.0,NO_LINE,NO_LINE
2025,53,Florida,Connecticut,2,True,12.25925925925926,140.36385,,,,,2.0,152.0,NO_LINE,NO_LINE
2025,54,Maryland,Colorado State,2,True,6.529411764705882,145.48558,,,,,1.0,143.0,NO_LINE,NO_LINE
2025,55,Texas Tech,Drake,2,True,8.375000000000002,136.92038,,,,,13.0,141.0,NO_LINE,NO_LINE
2025,56,St. John's (NY),Arkansas,2,True,4.8,139.54448,,,,,-9.0,141.0,NO_LINE,NO_LINE
2025,57,Florida,Maryland,3,False,8.885714285714286,136.87936,,,,,16.0,158.0,NO_LINE,NO_LINE
2025,58,Texas Tech,Arkansas,3,True,8.375000000000002,146.24263,,,,,2.0,168.0,NO_LINE,NO_LINE
2025,59,Florida,Texas Tech,4,False,7.625,155.03928,,,,,5.0,163.0,NO_LINE,NO_LINE
2025,60,Duke,Houston,5,False,-1.5,144.59859,,,,,-3.0,137.0,NO_LINE,NO_LINE
2025,61,Auburn,Florida,5,False,3.4074074074074074,156.64235,,,,,-6.0,152.0,NO_LINE,NO_LINE
2025,62,Houston,Florida,6,False,3.4074074074074074,143.85603,,,,,-2.0,128.0,NO_LINE,NO_LINE
